,date,total_doses,sessions, sites ,first_dose,second_dose,male,female,trans, covaxin,covishield,sputnikv,18-44_doses,45-60_doses,60+_doses
0,16/01/2021,48276.0,3455.0,2957.0,48276.0,0.0,,,,579.0,47697.0,,,,
1,17/01/2021,58604.0,8532.0,4954.0,58604.0,0.0,,,,635.0,57969.0,,,,
2,18/01/2021,99449.0,13611.0,6583.0,99449.0,0.0,,,,1299.0,98150.0,,,,
3,19/01/2021,195525.0,17855.0,7951.0,195525.0,0.0,,,,3017.0,192508.0,,,,
4,20/01/2021,251280.0,25472.0,10504.0,251280.0,0.0,,,,3946.0,247334.0,,,,
5,21/01/2021,365965.0,32226.0,12600.0,365965.0,0.0,,,,5367.0,360598.0,,,,
6,22/01/2021,549381.0,36988.0,14115.0,549381.0,0.0,,,,8128.0,541253.0,,,,
7,23/01/2021,759008.0,43076.0,15605.0,759008.0,0.0,,,,11192.0,747816.0,,,,
8,24/01/2021,835058.0,49851.0,18111.0,835058.0,0.0,,,,13156.0,821902.0,,,,
9,25/01/2021,1277104.0,55151.0,19682.0,1277104.0,0.0,,,,18858.0,1258246.0,,,,
10,26/01/2021,1293784.0,60821.0,21467.0,1293784.0,0.0,,,,19604.0,1274180.0,,,,
11,27/01/2021,1726490.0,69495.0,23737.0,1726490.0,0.0,,,,27377.0,1699113.0,,,,
12,28/01/2021,2295491.0,78523.0,25610.0,2295491.0,0.0,,,,36921.0,2258570.0,,,,
13,29/01/2021,2814803.0,83664.0,26219.0,2814803.0,0.0,,,,43604.0,2771199.0,,,,
14,30/01/2021,3067736.0,87822.0,26643.0,3067736.0,0.0,,,,48300.0,3019436.0,,,,
15,31/01/2021,3127107.0,91593.0,27011.0,3127107.0,0.0,,,,58890.0,3068217.0,,,,
16,01/02/2021,3350265.0,97432.0,27751.0,3350265.0,0.0,,,,69372.0,3280893.0,,,,
17,02/02/2021,3527971.0,106461.0,29522.0,3527971.0,0.0,,,,76794.0,3451177.0,,,,
18,03/02/2021,3825835.0,116568.0,31167.0,3825835.0,0.0,,,,86001.0,3739834.0,,,,
19,04/02/2021,4314304.0,126714.0,32505.0,4314304.0,0.0,,,,99015.0,4215289.0,,,,
20,05/02/2021,4765924.0,137110.0,33947.0,4765924.0,0.0,,,,133911.0,4632013.0,,,,
21,06/02/2021,5111827.0,145121.0,34814.0,5111827.0,0.0,,,,195504.0,4916323.0,,,,
22,07/02/2021,5168099.0,153231.0,35778.0,5168099.0,0.0,,,,206130.0,4961969.0,,,,
23,08/02/2021,5615499.0,164116.0,36740.0,5615499.0,0.0,,,,290785.0,5324714.0,,,,
24,09/02/2021,6002474.0,175556.0,38131.0,6002474.0,0.0,,,,363692.0,5638782.0,,,,
25,10/02/2021,6462270.0,187224.0,39339.0,6462270.0,0.0,,,,480760.0,5981510.0,,,,
26,11/02/2021,6958553.0,197650.0,40332.0,6958553.0,0.0,,,,609108.0,6349445.0,,,,
27,12/02/2021,7423817.0,207633.0,40799.0,7423817.0,0.0,,,,740517.0,6683300.0,,,,
28,13/02/2021,7708211.0,216559.0,41308.0,7687352.0,20859.0,,,,781304.0,6906048.0,,,,
29,14/02/2021,7732278.0,223423.0,41606.0,7710367.0,21911.0,,,,786042.0,6924325.0,,,,
30,15/02/2021,8253651.0,233527.0,42016.0,8111162.0,142489.0,,,,825093.0,7286069.0,,,,
31,16/02/2021,8577226.0,245131.0,42859.0,8337600.0,239626.0,,,,841412.0,7496188.0,,,,
32,17/02/2021,9023239.0,256706.0,43310.0,8704698.0,318541.0,,,,894555.0,7810143.0,,,,
33,18/02/2021,9338267.0,268275.0,43734.0,8862491.0,475776.0,,,,962251.0,7900240.0,,,,
34,19/02/2021,10241508.0,279055.0,44167.0,9523567.0,717941.0,,,,1003518.0,8520049.0,,,,
35,20/02/2021,10619113.0,288334.0,44791.0,9734505.0,884608.0,,,,1033170.0,8701335.0,,,,
36,21/02/2021,10651012.0,299726.0,45120.0,9757217.0,893795.0,,,,1037565.0,8719652.0,,,,
37,22/02/2021,11243679.0,312382.0,45490.0,10069263.0,1174416.0,,,,1085940.0,8983323.0,,,,
38,23/02/2021,11597768.0,325527.0,46054.0,10288293.0,1309475.0,,,,1120345.0,9167948.0,,,,
39,24/02/2021,12042958.0,339617.0,46671.0,10517568.0,1525390.0,,,,1156820.0,9360748.0,,,,
40,25/02/2021,12819074.0,352882.0,47068.0,10846192.0,1972882.0,,,,1204424.0,9641768.0,,,,
41,26/02/2021,13560932.0,357440.0,47240.0,11141375.0,2419557.0,,,,1244235.0,9897140.0,,,,
42,27/02/2021,13560983.0,357450.0,47242.0,11141426.0,2419557.0,,,,1244235.0,9897191.0,,,,
43,28/02/2021,13561208.0,367595.0,48032.0,11141651.0,2419557.0,,,,1244273.0,9897378.0,,,,
44,01/03/2021,13561208.0,401961.0,50243.0,11141651.0,2419557.0,,,,1244273.0,9897378.0,,,,
45,02/03/2021,14533954.0,448977.0,51350.0,11886320.0,2647634.0,,,,1277711.0,10608609.0,,,,
46,03/03/2021,15383883.0,533253.0,54700.0,12553326.0,2830557.0,,,,1307164.0,11246162.0,,,,
47,04/03/2021,16535703.0,613748.0,57418.0,13393538.0,3142165.0,,,,1345443.0,12048095.0,,,,
48,05/03/2021,17871673.0,714806.0,59064.0,14415912.0,3455761.0,,,,1386898.0,13029014.0,,,,
49,06/03/2021,19170828.0,802800.0,60930.0,15438495.0,3732333.0,,,,1434272.0,14004223.0,,,,
50,07/03/2021,19288666.0,862720.0,63187.0,15541529.0,3747137.0,,,,1440857.0,14100672.0,,,,
51,08/03/2021,21038500.0,923939.0,64854.0,16976138.0,4062362.0,,,,1495593.0,15480545.0,,,,
52,09/03/2021,18360243.0,3632230.0,22562.0,14003206.0,4357037.0,,,,1619279.0,16739804.0,,,,
53,10/03/2021,19538547.0,3712590.0,22885.0,14872785.0,4665762.0,,,,1727948.0,17809439.0,,,,
54,11/03/2021,19953987.0,2074307.0,13920.0,15204375.0,4749612.0,,,,1755220.0,18197567.0,,,,
55,12/03/2021,21772159.0,5428928.0,34489.0,16612019.0,5160140.0,,,,1910640.0,19860313.0,,,,
56,13/03/2021,23159604.0,4500722.0,27403.0,17698742.0,5460862.0,,,,2010101.0,21148292.0,,,,
57,14/03/2021,23317750.0,935045.0,6063.0,17837716.0,5480034.0,,,,2017875.0,21298664.0,,,,
58,15/03/2021,25618250.0,6451678.0,40180.0,19766466.0,5851784.0,,,,2183445.0,23433592.0,,,,
59,16/03/2021,31870745.0,5366679.0,33886.0,25709257.0,6161488.0,,,,2557019.0,29313725.0,,7822654.0,8321177.0,9549294.0
60,17/03/2021,36496020.0,5183313.0,31807.0,30011328.0,6484692.0,,,,2875235.0,33620784.0,,7949980.0,9106642.0,12938115.0
61,18/03/2021,38770404.0,5880856.0,38208.0,31952935.0,6817469.0,,,,3111700.0,35658703.0,,8086204.0,9587964.0,14261942.0
62,19/03/2021,41309219.0,6385874.0,41625.0,34228371.0,7080848.0,,,,3332178.0,37977040.0,,8219288.0,10165734.0,15826268.0
63,20/03/2021,43877868.0,6470646.0,42178.0,36568988.0,7308880.0,,,,3617184.0,40260683.0,,8358591.0,10766621.0,17426476.0
64,21/03/2021,44645372.0,1919521.0,13892.0,37303458.0,7341914.0,,,,3711319.0,40934052.0,,8392363.0,10969933.0,17923778.0
65,22/03/2021,47204633.0,7458801.0,49877.0,39612614.0,7592019.0,,,,4025733.0,43178899.0,,8514176.0,11542500.0,19538350.0
66,23/03/2021,49973152.0,6325666.0,42614.0,42148875.0,7824277.0,,,,4418254.0,45554897.0,,8657263.0,12235178.0,21238556.0
67,24/03/2021,52216237.0,6309312.0,42607.0,44250191.0,7966046.0,,,,4755913.0,47460323.0,,8770039.0,12809134.0,22652955.0
68,25/03/2021,54589220.0,6810937.0,46395.0,46454700.0,8134520.0,,,,5065307.0,49523912.0,,8895838.0,13438961.0,24101658.0
69,26/03/2021,57021164.0,7290723.0,49904.0,48749313.0,8271851.0,,,,5363425.0,51657738.0,,9030708.0,14142017.0,25558079.0
70,27/03/2021,59235436.0,6515557.0,44549.0,50865316.0,8370120.0,,,,5581810.0,53653625.0,,9170702.0,14835024.0,26840911.0
71,28/03/2021,59557120.0,2724106.0,18876.0,51179587.0,8377533.0,,,,5600420.0,53956699.0,,9191854.0,14951629.0,27017385.0
72,29/03/2021,60183064.0,3614098.0,24773.0,51774289.0,8408775.0,,,,5673246.0,54509817.0,,9232163.0,15144058.0,27379282.0
73,30/03/2021,61990242.0,6935955.0,45244.0,53429356.0,8560886.0,,,,5820234.0,56170007.0,,9335310.0,15669710.0,28405395.0
74,31/03/2021,63935590.0,7622285.0,48959.0,55188803.0,8746787.0,,,,5979191.0,57956398.0,,9451326.0,16264001.0,29454352.0
75,01/04/2021,66361722.0,8582019.0,56390.0,57443466.0,8918256.0,,,,6164245.0,60197476.0,,9557988.0,17615494.0,30250716.0
76,02/04/2021,70090836.0,7771995.0,50714.0,60936753.0,9154083.0,,,,6415647.0,63675188.0,,9722696.0,19839695.0,31354874.0
77,03/04/2021,73112119.0,8028771.0,53749.0,63743700.0,9368419.0,,,,6619593.0,66492525.0,,9872239.0,21613929.0,32237904.0
78,04/04/2021,76405697.0,6779834.0,43542.0,66838504.0,9567193.0,,,,6880699.0,69524997.0,,9981005.0,23681718.0,33156019.0
79,05/04/2021,79439889.0,9947093.0,64960.0,69620234.0,9819655.0,,,,7162657.0,72277231.0,,9988573.0,25457649.0,34154208.0
80,06/04/2021,82065337.0,9341151.0,61096.0,72035640.0,10029697.0,,,,7419434.0,74645902.0,,9994341.0,27028827.0,34992622.0
81,07/04/2021,87100627.0,8870978.0,58826.0,76671812.0,10428815.0,,,,7832533.0,79268093.0,,10005564.0,30065901.0,36580444.0
82,08/04/2021,91881530.0,9913258.0,65506.0,80998099.0,10883431.0,,,,8167587.0,83713942.0,,10017087.0,32914036.0,38047027.0
83,09/04/2021,95583419.0,9969009.0,65714.0,84296847.0,11286572.0,,,,8425992.0,87157426.0,,10050594.0,35088992.0,39137263.0
84,10/04/2021,99069354.0,8710763.0,58594.0,87411872.0,11657482.0,,,,8678151.0,90391202.0,,10115743.0,37138666.0,40137437.0
85,11/04/2021,102000401.0,9729980.0,63648.0,90111528.0,11888873.0,,,,8865852.0,93134548.0,,10150663.0,38924746.0,41016044.0
86,12/04/2021,105970539.0,10664088.0,71554.0,93559587.0,12410952.0,,,,9117558.0,96852980.0,,10214478.0,41124841.0,42200133.0
87,13/04/2021,108598289.0,10046908.0,67834.0,95823614.0,12774675.0,,,,9279181.0,99319107.0,,10261853.0,42580769.0,42960830.0
88,14/04/2021,111913288.0,10786962.0,69832.0,98703696.0,13209592.0,,,,9632303.0,102280984.0,,10329252.0,44385712.0,43968484.0
89,15/04/2021,114598026.0,9771019.0,66284.0,100853671.0,13744355.0,,,,9850203.0,104747822.0,,10393324.0,45715162.0,44724878.0
90,16/04/2021,117305344.0,9780485.0,66381.0,102927296.0,14378048.0,,,,10178643.0,107126700.0,,10469609.0,46998499.0,45438828.0
91,17/04/2021,119971369.0,8521217.0,60057.0,104950409.0,15020960.0,,,,10555424.0,109415944.0,,10546237.0,48281098.0,46102623.0
92,18/04/2021,121207098.0,8395934.0,58212.0,105896430.0,15310668.0,,,,10711610.0,110495487.0,,10573998.0,48885888.0,46416081.0
93,19/04/2021,124457162.0,10632658.0,73506.0,108178574.0,16278588.0,,,,11106751.0,113350410.0,,10717276.0,50242630.0,47198108.0
94,20/04/2021,127428887.0,10163007.0,71051.0,110165234.0,17263653.0,,,,11515707.0,115913179.0,,10827001.0,51441470.0,47876178.0
95,21/04/2021,129646105.0,9537781.0,67123.0,111673361.0,17972744.0,,,,11799916.0,117846188.0,,10889235.0,52371179.0,48391750.0
96,22/04/2021,132754608.0,10459336.0,73933.0,113584269.0,19170339.0,,,,12176768.0,120577839.0,,10972801.0,53528676.0,49056017.0
97,23/04/2021,135658324.0,9772224.0,68575.0,115461202.0,20197122.0,,,,12507127.0,123151196.0,,11075950.0,54681402.0,49673372.0
98,24/04/2021,138185956.0,8300170.0,59612.0,117105343.0,21080613.0,,,,12775153.0,125410802.0,,11161742.0,55725179.0,50185235.0
99,25/04/2021,139185173.0,5844983.0,41927.0,117795008.0,21390165.0,,,,12866845.0,126318327.0,,11194950.0,56163123.0,50403597.0
100,26/04/2021,142524947.0,9725885.0,68905.0,119886252.0,22638695.0,,,,13127022.0,129397924.0,,11300300.0,57436912.0,51108802.0
101,27/04/2021,144879233.0,9192384.0,65370.0,121263287.0,23615946.0,,,,13362545.0,131516688.0,,14453548.0,55220908.0,51567636.0
102,28/04/2021,147053392.0,8123540.0,57439.0,122538179.0,24515213.0,,,,13636237.0,133417155.0,,14557937.0,55978822.0,51980128.0
103,29/04/2021,149268772.0,8593203.0,61628.0,123811908.0,25456864.0,,,,13926050.0,135342722.0,,14666103.0,56743187.0,52384617.0
104,30/04/2021,151998107.0,8996730.0,64042.0,125376952.0,26621155.0,,,,14178643.0,137819464.0,,14819208.0,57676548.0,52862810.0
105,01/05/2021,153626325.0,8022399.0,56966.0,126328970.0,27297355.0,,,,14369918.0,139256407.0,,14999469.0,58198124.0,53112963.0
106,02/05/2021,154211511.0,5396932.0,38359.0,126704151.0,27507360.0,,,,14417017.0,139794494.0,,15057167.0,58438144.0,53191783.0
107,03/05/2021,156082136.0,8814219.0,61196.0,127696675.0,28385461.0,,,,14654260.0,141427876.0,,15352120.0,58901132.0,53426355.0
108,04/05/2021,157750752.0,8034995.0,55739.0,128627919.0,29122833.0,,,,14892657.0,142858095.0,,15689305.0,59299040.0,53622284.0
109,05/05/2021,159931238.0,8424665.0,58108.0,129730641.0,30200597.0,,,,15127348.0,144803890.0,,16036053.0,59800123.0,53877151.0
110,06/05/2021,162603603.0,8708024.0,60671.0,131058890.0,31544713.0,,,,15424914.0,147178689.0,,16430428.0,60403154.0,54207909.0
111,07/05/2021,165190000.0,8244108.0,57623.0,132294827.0,32895173.0,,,,15761911.0,149428089.0,,16856986.0,60927081.0,54493332.0
112,08/05/2021,167493857.0,8362691.0,58214.0,133366482.0,34127375.0,,,,16195122.0,151298735.0,,17255291.0,61372739.0,54720932.0
113,09/05/2021,168304868.0,5437733.0,39614.0,133854676.0,34450192.0,,,,16321015.0,151983853.0,,17539440.0,61510977.0,54786708.0
114,10/05/2021,171098918.0,8215415.0,58011.0,135192013.0,35906905.0,,,,16727082.0,154371836.0,,18167977.0,61966293.0,55038117.0
115,11/05/2021,173862643.0,7848368.0,56288.0,136557345.0,37305298.0,,,,17081853.0,156780790.0,,18768175.0,62460166.0,55307756.0
116,12/05/2021,176045577.0,7572978.0,54605.0,137805245.0,38240332.0,,,,17459811.0,158585766.0,,19307387.0,62926016.0,55549219.0
117,13/05/2021,178361846.0,7238072.0,52103.0,139087590.0,39274256.0,,,,17840229.0,160521617.0,,19863113.0,63401077.0,55799375.0
118,14/05/2021,179646413.0,5861579.0,42398.0,139861462.0,39784951.0,,,,18087664.0,161558739.0,,20255885.0,63656217.0,55924598.0
119,15/05/2021,181544536.0,7183448.0,51190.0,141132112.0,40412424.0,,,,18535310.0,163009216.0,,20902588.0,64076941.0,56126114.0
120,16/05/2021,182251006.0,4278089.0,27979.0,141764335.0,40486671.0,,,,18695475.0,163555521.0,,21360117.0,64200432.0,56176752.0
121,17/05/2021,183817204.0,8089861.0,48246.0,143090218.0,40726986.0,,,,19077536.0,164739599.0,,22103586.0,64615446.0,56342950.0
122,18/05/2021,185191602.0,7311249.0,42755.0,144270200.0,40921402.0,,,,19407170.0,165784285.0,,22710882.0,65021417.0,56508521.0
123,19/05/2021,186410600.0,6683984.0,40289.0,145333606.0,41076994.0,,,,19669911.0,166740487.0,,23325439.0,65340955.0,56636839.0
124,20/05/2021,187886885.0,7547217.0,44986.0,146624652.0,41262233.0,,,,19986188.0,167900451.0,,24095416.0,65709875.0,56787668.0
125,21/05/2021,189344105.0,7425242.0,42679.0,147893976.0,41450129.0,,,,20301735.0,169042095.0,275.0,24815544.0,66109139.0,56936352.0
126,22/05/2021,190936859.0,8649098.0,49046.0,149302864.0,41633995.0,,,,20590582.0,170345955.0,322.0,25540064.0,66609184.0,57119494.0
127,23/05/2021,191877460.0,5338956.0,30180.0,150180408.0,41697052.0,,,,20680782.0,171196318.0,360.0,26159678.0,66797754.0,57188219.0
128,24/05/2021,194313920.0,9601152.0,51161.0,152439044.0,41874876.0,,,,20932868.0,173380665.0,387.0,27500303.0,67442972.0,57459394.0
129,25/05/2021,196463495.0,9133572.0,46265.0,154384464.0,42079031.0,,,,21222896.0,175240154.0,445.0,28655080.0,68006383.0,57685358.0
130,26/05/2021,198425615.0,9309344.0,44319.0,156189641.0,42235974.0,,,,21440904.0,176983511.0,1200.0,29673387.0,68568469.0,57908741.0
131,27/05/2021,201438120.0,10482875.0,44427.0,159006359.0,42431761.0,,,,21732409.0,179703057.0,2654.0,31096243.0,69538125.0,58331056.0
132,28/05/2021,204617572.0,11340655.0,44877.0,161951713.0,42665859.0,,,,22143306.0,182470401.0,3865.0,32704761.0,70491958.0,58711772.0
133,29/05/2021,207796464.0,11069278.0,43049.0,164804095.0,42992369.0,,,,22748715.0,185041368.0,6381.0,34394210.0,71322705.0,59041286.0
134,30/05/2021,208907723.0,5941306.0,22980.0,165823004.0,43084719.0,,,,22948962.0,185950671.0,8090.0,35054344.0,71584500.0,59137269.0
135,31/05/2021,211778491.0,10623839.0,42783.0,168393525.0,43384966.0,,,,23442881.0,188324712.0,10898.0,36494965.0,72388059.0,59461062.0
136,01/06/2021,214314522.0,9930062.0,38044.0,170640412.0,43674110.0,,,,23905095.0,190396381.0,13046.0,37657598.0,73158983.0,59772400.0
137,02/06/2021,216858197.0,10324274.0,38535.0,172945950.0,43912247.0,,,,24376613.0,192467399.0,14185.0,38998815.0,73851872.0,60041595.0
138,03/06/2021,219831571.0,11534619.0,41239.0,175677634.0,44153937.0,,,,25012565.0,194803940.0,15066.0,40649116.0,74618017.0,60353715.0
139,04/06/2021,223642281.0,13131165.0,46141.0,179205337.0,44436944.0,,,,25581498.0,198045267.0,15516.0,42587253.0,75746331.0,60810517.0
140,05/06/2021,227162503.0,12775190.0,45548.0,182451348.0,44711155.0,,,,26213604.0,200932620.0,16279.0,44490432.0,76694765.0,61200972.0
141,06/06/2021,228624578.0,7228531.0,24346.0,183824958.0,44799620.0,,,,26450908.0,202156935.0,16735.0,45391190.0,77035519.0,61331191.0
142,07/06/2021,232063488.0,12625429.0,45459.0,186933771.0,45129717.0,,,,27031124.0,205014564.0,17800.0,47233720.0,77930082.0,61699177.0
143,08/06/2021,234952618.0,11506400.0,41121.0,189503126.0,45449492.0,,,,27571289.0,207362449.0,18880.0,48781429.0,78645889.0,62001788.0
144,09/06/2021,238440129.0,11932713.0,42274.0,192669299.0,45770830.0,,,,28196184.0,210223401.0,20544.0,50952882.0,79344582.0,62293642.0
145,10/06/2021,241846863.0,12035310.0,42414.0,195747476.0,46099387.0,,,,28814428.0,213010415.0,22020.0,53072899.0,80018155.0,62574015.0
146,11/06/2021,245411955.0,12044221.0,42704.0,198977594.0,46434361.0,,,,29426682.0,215962153.0,23120.0,55307867.0,80715943.0,62867396.0
147,12/06/2021,249033094.0,12844959.0,42982.0,202207183.0,46825911.0,,,,29975845.0,219032482.0,24767.0,57472406.0,81467278.0,63177391.0
148,13/06/2021,250656362.0,7549518.0,22768.0,203705131.0,46951231.0,,,,30185294.0,220445754.0,25314.0,58561036.0,81756122.0,63296269.0
149,14/06/2021,254653040.0,14048206.0,46924.0,207274441.0,47378599.0,,,,30779165.0,223847280.0,26595.0,60913444.0,82600503.0,63665384.0
150,15/06/2021,257605528.0,11834657.0,41484.0,209816439.0,47789089.0,,,,31248316.0,226329536.0,27676.0,62448482.0,83290805.0,63979181.0
151,16/06/2021,261118468.0,14252163.0,44447.0,212945352.0,48173116.0,,,,31695663.0,229393676.0,29129.0,64643068.0,83939373.0,64262201.0
152,17/06/2021,264537245.0,13293750.0,42886.0,215944608.0,48592637.0,,,,32252129.0,232253523.0,31593.0,66811954.0,84514167.0,64514699.0
153,18/06/2021,267951571.0,12991192.0,42760.0,218956863.0,48994708.0,,,,32765846.0,235151645.0,34080.0,68997968.0,85086167.0,64765494.0
154,19/06/2021,271833642.0,14175307.0,43724.0,222316897.0,49516745.0,,,,33243363.0,238552905.0,37374.0,71342757.0,85786352.0,65076837.0
155,20/06/2021,275018693.0,12736409.0,24766.0,225211708.0,49806985.0,,,,33448885.0,241530408.0,39400.0,73042655.0,86653713.0,65402486.0
156,21/06/2021,283891764.0,35010311.0,68061.0,233288807.0,50602957.0,,,,34123378.0,249725103.0,43283.0,79130988.0,88034483.0,66002905.0
157,22/06/2021,289961746.0,23436266.0,54639.0,238685516.0,51276230.0,,,,34641890.0,255272448.0,47408.0,83190167.0,88947171.0,66423283.0
158,23/06/2021,296892521.0,27105115.0,59462.0,244944880.0,51947641.0,,,,35392947.0,261448717.0,50857.0,88014595.0,89941914.0,66858838.0
159,24/06/2021,303426850.0,26458510.0,56282.0,250656880.0,52769970.0,,,,36139047.0,267233899.0,53904.0,92243148.0,90968877.0,67310981.0
160,25/06/2021,309802519.0,27953093.0,55202.0,256135000.0,53667519.0,166996837.0,142754166.0,51516.0,37027773.0,272716628.0,58118.0,108435293.0,110410673.0,90956553.0
161,26/06/2021,316535775.0,29924071.0,55142.0,261705883.0,54829892.0,170558604.0,145924320.0,52851.0,37908285.0,278562444.0,65046.0,112960394.0,111903438.0,91671943.0
162,27/06/2021,318473492.0,14362704.0,23886.0,263289938.0,55183554.0,171570354.0,146849924.0,53214.0,38254587.0,280151800.0,67105.0,114287302.0,112317011.0,91869179.0
163,28/06/2021,323836329.0,25874790.0,48855.0,267485789.0,56350540.0,174328759.0,149453113.0,54457.0,39047840.0,284716017.0,72472.0,117673231.0,113624093.0,92539005.0
164,29/06/2021,327685422.0,20606418.0,39263.0,270392224.0,57293198.0,176271011.0,151359083.0,55328.0,39657631.0,287949744.0,78047.0,120044665.0,114600753.0,93040004.0
165,30/06/2021,330553623.0,18568866.0,33381.0,272487181.0,58066442.0,177750688.0,152746870.0,56065.0,40307832.0,290158311.0,87480.0,121755682.0,115390323.0,93407618.0
166,01/07/2021,334913220.0,20310004.0,40094.0,275842378.0,59070842.0,180022023.0,154834173.0,57024.0,40927453.0,293891479.0,94288.0,124412877.0,116539731.0,93960612.0
167,02/07/2021,339447068.0,20812325.0,40091.0,279132514.0,60314554.0,182375868.0,157013277.0,57923.0,41530884.0,297814896.0,101288.0,126985291.0,117838292.0,94623485.0
168,03/07/2021,346054022.0,26140934.0,48778.0,283527017.0,62527005.0,185856473.0,160138342.0,59207.0,42506166.0,303438000.0,109856.0,130761114.0,119730672.0,95562236.0
169,04/07/2021,347766247.0,12321517.0,19122.0,284750483.0,63015764.0,186748495.0,160958198.0,59554.0,42729197.0,304924760.0,112290.0,131760228.0,120219354.0,95786665.0
170,05/07/2021,352412289.0,20486897.0,42139.0,287588808.0,64823481.0,189175605.0,163176110.0,60574.0,43442864.0,308849054.0,120371.0,134087877.0,121768778.0,96555634.0
171,06/07/2021,356192949.0,17691841.0,35607.0,290132865.0,66060084.0,191160373.0,164971125.0,61451.0,44018800.0,312045416.0,128733.0,136158617.0,122916328.0,97118004.0
172,07/07/2021,359728245.0,17449073.0,33655.0,292326546.0,67401699.0,193027060.0,166638938.0,62247.0,44518708.0,315072183.0,137354.0,137996472.0,124050399.0,97681374.0
173,08/07/2021,363866177.0,18408867.0,37073.0,295113298.0,68752879.0,195194201.0,168608604.0,63372.0,45082427.0,318636397.0,147353.0,140323602.0,125274577.0,98267998.0
174,09/07/2021,367079052.0,15830443.0,31342.0,297184419.0,69894633.0,196883902.0,170130738.0,64412.0,45476306.0,321441373.0,161373.0,142074586.0,126245273.0,98759193.0
175,10/07/2021,370921397.0,15975055.0,32091.0,299620148.0,71301249.0,198911398.0,171944765.0,65234.0,46016442.0,324725183.0,179772.0,144140990.0,127450202.0,99330205.0
176,11/07/2021,372249777.0,8835173.0,14717.0,300474970.0,71774807.0,199593430.0,172590906.0,65441.0,46227004.0,325834486.0,188287.0,144850653.0,127867994.0,99531130.0
177,12/07/2021,376350562.0,17301046.0,35603.0,303057816.0,73292746.0,201700141.0,174584012.0,66409.0,46822284.0,329322624.0,205654.0,146972241.0,129180113.0,100198208.0
178,13/07/2021,380212639.0,15468942.0,33126.0,305477371.0,74735268.0,203712414.0,176432842.0,67383.0,47230844.0,332757295.0,224500.0,148978156.0,130436240.0,100798243.0
179,14/07/2021,386288141.0,14758731.0,31235.0,310042014.0,76246127.0,206783170.0,179436493.0,68478.0,47878858.0,338166245.0,243038.0,151234541.0,132856589.0,102197011.0
180,15/07/2021,390286930.0,16084911.0,35258.0,312624872.0,77662058.0,208881920.0,181335624.0,69386.0,48322223.0,341703521.0,261186.0,153409838.0,134089039.0,102788053.0
181,16/07/2021,394641704.0,16935747.0,37143.0,315177274.0,79464430.0,211136743.0,183434678.0,70283.0,48832941.0,345528530.0,280233.0,155648918.0,135521275.0,103471511.0
182,17/07/2021,399873648.0,18405270.0,39857.0,318403675.0,81469973.0,213861867.0,185940424.0,71357.0,49284948.0,350286122.0,302578.0,158454523.0,137167237.0,104251888.0
183,18/07/2021,401441969.0,9120348.0,16236.0,319469878.0,81972091.0,214657889.0,186712441.0,71639.0,49377691.0,351756263.0,308015.0,159352703.0,137615222.0,104474044.0
184,19/07/2021,406790133.0,19017782.0,42026.0,322905680.0,83884453.0,217407550.0,189309762.0,72821.0,49702746.0,356765200.0,322187.0,162164065.0,139322155.0,105303913.0
185,20/07/2021,410430826.0,14830467.0,33503.0,325242678.0,85188148.0,219282113.0,191075012.0,73701.0,50023562.0,360070547.0,336717.0,164156483.0,140448106.0,105826237.0
186,21/07/2021,412817034.0,11772741.0,23842.0,326792911.0,86024123.0,220516550.0,192226247.0,74237.0,50204520.0,362262299.0,350215.0,165490766.0,141158729.0,106167539.0
187,22/07/2021,418366838.0,18416197.0,41363.0,330465663.0,87901175.0,223376425.0,194914788.0,75625.0,50586096.0,367417104.0,363638.0,168588236.0,142841291.0,106937311.0
188,23/07/2021,422845298.0,16337977.0,37521.0,333352959.0,89492339.0,225676609.0,197091984.0,76705.0,51020810.0,371447023.0,377465.0,171051873.0,144211690.0,107581735.0
189,24/07/2021,428109930.0,18476847.0,40423.0,336917806.0,91192124.0,228432995.0,199598934.0,78001.0,51538610.0,376177250.0,394070.0,174129036.0,145718727.0,108262167.0
190,25/07/2021,430170531.0,10784124.0,19973.0,338346937.0,91823594.0,229530717.0,200561391.0,78423.0,51767129.0,378003458.0,399944.0,175393190.0,146262751.0,108514590.0
191,26/07/2021,436861480.0,22339305.0,46007.0,343039824.0,93821656.0,232940580.0,203840892.0,80008.0,52419879.0,384030365.0,411236.0,179142928.0,148284870.0,109433682.0
192,27/07/2021,441128674.0,16549712.0,38079.0,345867755.0,95260919.0,235125348.0,205922411.0,80915.0,52894031.0,387811369.0,423274.0,181617271.0,149496636.0,110014767.0
193,28/07/2021,445696580.0,0.0,0.0,349104325.0,96592255.0,237477784.0,208136635.0,82161.0,53408734.0,391853470.0,434376.0,184431510.0,150689722.0,110575348.0
194,29/07/2021,450997892.0,20051908.0,43876.0,352679959.0,98317933.0,240211089.0,210703313.0,83490.0,54031515.0,396521739.0,444638.0,187633421.0,152107728.0,111256743.0
195,30/07/2021,456471250.0,20918871.0,45339.0,356348903.0,100122347.0,242983261.0,213403098.0,84891.0,54580577.0,401434035.0,456638.0,190811644.0,153629017.0,112030589.0
196,31/07/2021,463113439.0,22141942.0,47334.0,361264651.0,101848788.0,246409497.0,216617587.0,86541.0,55439978.0,407198907.0,474554.0,195087768.0,155232209.0,112793462.0
197,01/08/2021,467769865.0,9847327.0,20066.0,365110984.0,102658881.0,248763622.0,218919118.0,87125.0,56043444.0,411243920.0,482501.0,197208754.0,156775004.0,113786107.0
198,02/08/2021,473977156.0,22612516.0,47979.0,369654820.0,104322336.0,251922714.0,221965874.0,88568.0,56851465.0,416629951.0,495740.0,201077466.0,158350312.0,114549378.0
199,03/08/2021,480643928.0,23639645.0,47616.0,375040194.0,105603734.0,255277644.0,225275770.0,90514.0,57595129.0,422539027.0,509772.0,205389843.0,159919512.0,115334573.0
200,04/08/2021,484911273.0,17215840.0,35467.0,378269912.0,106641361.0,257443333.0,227376100.0,91840.0,58451360.0,425936633.0,523280.0,208270944.0,160857531.0,115782798.0
201,05/08/2021,490760938.0,22435536.0,48656.0,382658786.0,108102152.0,260416391.0,230251149.0,93398.0,59350900.0,430872848.0,537190.0,212090029.0,162222930.0,116447979.0
202,06/08/2021,500087070.0,20015484.0,41826.0,390344882.0,109742188.0,263310052.0,233084386.0,94678.0,60386946.0,435549916.0,552254.0,215689684.0,163655423.0,117144009.0
203,07/08/2021,505787038.0,22675183.0,46089.0,394599261.0,111187777.0,266234950.0,235857946.0,96188.0,61266355.0,440351772.0,570957.0,219501484.0,164936885.0,117750715.0
204,08/08/2021,507727903.0,10353120.0,18971.0,395961470.0,111766433.0,267236380.0,236796948.0,96621.0,61524134.0,442029168.0,576647.0,220716113.0,165420515.0,117993321.0
205,09/08/2021,513228400.0,21978176.0,46163.0,400150406.0,113077994.0,270163622.0,239518609.0,98275.0,62367416.0,446825051.0,588039.0,224330364.0,166757453.0,118692689.0
