,Dates,Confirmed,Total Confirmed,Total Deceased
0,2020-01-03,132.33333333333334,24894.333333333332,746.3333333333334
1,2020-01-04,0.3333333333333333,3.0,0.0
2,2020-01-05,0.3333333333333333,3.0,0.0
3,2020-01-06,0.0,0.3333333333333333,0.0
4,2020-01-07,1.0,1.3333333333333333,0.0
5,2020-01-08,0.0,1.3333333333333333,0.0
6,2020-01-09,0.0,1.3333333333333333,0.0
7,2020-01-10,0.0,1.3333333333333333,0.0
8,2020-01-11,0.0,1.3333333333333333,0.0
9,2020-03-08,1.6666666666666667,14.333333333333334,0.0
10,2020-03-09,15.333333333333334,29.666666666666668,0.3333333333333333
11,2020-03-10,2.0,31.666666666666668,0.3333333333333333
12,2020-03-11,3.3333333333333335,35.0,0.3333333333333333
13,2020-03-12,4.333333333333333,39.333333333333336,0.3333333333333333
14,2020-03-13,2.6666666666666665,42.0,0.6666666666666666
15,2020-03-14,2.3333333333333335,44.333333333333336,1.3333333333333333
16,2020-03-15,7.666666666666667,52.0,1.3333333333333333
17,2020-03-16,27.666666666666668,79.66666666666667,1.6666666666666667
18,2020-03-17,33.333333333333336,113.0,2.3333333333333335
19,2020-03-18,35.666666666666664,148.66666666666666,3.0
20,2020-03-19,56.666666666666664,205.33333333333334,7.0
21,2020-03-20,60.666666666666664,266.0,7.333333333333333
22,2020-03-21,107.0,373.0,10.0
23,2020-03-22,179.66666666666666,552.6666666666666,16.333333333333332
24,2020-03-23,254.0,806.6666666666666,21.666666666666668
25,2020-03-24,288.6666666666667,1095.3333333333333,30.333333333333332
26,2020-03-25,620.0,1715.3333333333333,47.0
27,2020-03-26,502.3333333333333,2217.6666666666665,48.666666666666664
28,2020-03-27,605.0,2822.6666666666665,62.666666666666664
29,2020-03-28,723.0,3545.6666666666665,77.33333333333333
30,2020-03-29,723.6666666666666,4269.333333333333,94.66666666666667
31,2020-03-30,11921.333333333334,378955.0,22486.333333333332
32,2020-03-31,10433.0,389388.0,23045.0
33,2020-04-01,9848.666666666666,399236.6666666667,23539.666666666668
34,2020-04-02,8848.0,408084.6666666667,23991.333333333332
35,2020-04-03,8970.333333333334,417055.0,24828.0
36,2020-04-04,9730.666666666666,426785.6666666667,25640.666666666668
37,2020-04-05,10803.666666666666,437589.3333333333,26350.333333333332
38,2020-04-06,10726.333333333334,448315.6666666667,26947.0
39,2020-04-07,9751.666666666666,458067.3333333333,27481.333333333332
40,2020-04-08,7994.0,466061.3333333333,27884.0
41,2020-04-09,7521.0,473582.3333333333,28237.0
42,2020-04-10,13200.333333333334,486782.6666666667,28842.0
43,2020-04-11,7473.666666666667,494256.3333333333,29408.333333333332
44,2020-04-12,12732.0,506988.3333333333,30114.666666666668
45,2020-04-13,9810.666666666666,516799.0,30677.333333333332
46,2020-04-14,9781.0,526580.0,31133.333333333332
47,2020-04-15,7628.666666666667,534208.6666666666,31501.333333333332
48,2020-04-16,8478.333333333334,542687.0,31866.666666666668
49,2020-04-17,7645.333333333333,553737.6666666666,33110.0
50,2020-04-18,8167.333333333333,561905.0,33582.333333333336
51,2020-04-19,9175.666666666666,571080.6666666666,33952.333333333336
52,2020-04-20,9176.333333333334,580257.0,34567.666666666664
53,2020-04-21,7601.0,587858.0,34895.666666666664
54,2020-04-22,7345.666666666667,595203.6666666666,35175.0
55,2020-04-23,6933.0,602136.6666666666,35417.666666666664
56,2020-04-24,6400.333333333333,608537.0,35700.333333333336
57,2020-04-25,6979.333333333333,615516.3333333334,36147.666666666664
58,2020-04-26,8725.0,624241.3333333334,36581.0
59,2020-04-27,8379.0,632620.3333333334,36947.333333333336
60,2020-04-28,8562.666666666666,641183.0,37270.0
61,2020-04-29,7789.333333333333,648972.3333333334,37518.666666666664
62,2020-04-30,6297.666666666667,655270.0,37771.333333333336
63,2020-05-01,7658.666666666667,662928.6666666666,38107.0
64,2020-05-02,7664.333333333333,670593.0,38471.333333333336
65,2020-05-03,7838.333333333333,678431.3333333334,38794.0
66,2020-05-04,9018.333333333334,687449.6666666666,39110.0
67,2020-05-05,9063.666666666666,696513.3333333334,39398.0
68,2020-05-06,7140.666666666667,703654.0,39637.666666666664
69,2020-05-07,7239.0,710893.0,39926.0
70,2020-05-08,7325.0,718218.0,40236.0
71,2020-05-09,8501.333333333334,726719.3333333334,40561.666666666664
72,2020-05-10,8726.0,735445.3333333334,40900.333333333336
73,2020-05-11,10851.0,746296.3333333334,41177.666666666664
74,2020-05-12,10016.666666666666,756313.0,41435.0
75,2020-05-13,8120.333333333333,764433.3333333334,41638.666666666664
76,2020-05-14,8120.666666666667,772554.0,41858.333333333336
77,2020-05-15,9596.333333333334,782150.3333333334,42116.333333333336
78,2020-05-16,9943.333333333334,792093.6666666666,42378.666666666664
79,2020-05-17,11181.0,803274.6666666666,42633.0
80,2020-05-18,12794.666666666666,816069.3333333334,42937.0
81,2020-05-19,12822.333333333334,828891.6666666666,43173.666666666664
82,2020-05-20,10994.333333333334,839886.0,43358.333333333336
83,2020-05-21,11442.666666666666,851328.6666666666,43540.666666666664
84,2020-05-22,14675.666666666666,866004.3333333334,43838.666666666664
85,2020-05-23,14667.333333333334,880671.6666666666,44115.333333333336
86,2020-05-24,17936.333333333332,898608.0,45008.666666666664
87,2020-05-25,17848.666666666668,916456.6666666666,45295.666666666664
88,2020-05-26,16737.333333333332,933194.0,45542.0
89,2020-05-27,14662.666666666666,947856.6666666666,45745.0
90,2020-05-28,15032.333333333334,962889.0,45963.333333333336
91,2020-05-29,18247.333333333332,981136.3333333334,46242.333333333336
92,2020-05-30,22437.0,1003573.3333333334,46591.333333333336
93,2020-05-31,21287.666666666668,1024861.0,46890.333333333336
94,2020-06-01,22924.333333333332,1047785.3333333334,47237.0
95,2020-06-02,19052.666666666668,1066838.0,47484.666666666664
96,2020-06-03,16447.0,1083285.0,47710.333333333336
97,2020-06-04,20027.0,1103312.0,47996.333333333336
98,2020-06-05,22210.0,1125522.0,48396.666666666664
99,2020-06-06,24894.333333333332,1150416.3333333333,48854.333333333336
100,2020-06-07,23982.333333333332,1174398.6666666667,49270.333333333336
101,2020-06-08,26202.666666666668,1200601.3333333333,49682.0
102,2020-06-09,26097.0,1226698.3333333333,50068.666666666664
103,2020-06-10,22900.0,1249598.3333333333,50440.0
104,2020-06-11,22109.666666666668,1271708.0,50802.666666666664
105,2020-06-12,25175.666666666668,1296883.6666666667,51239.666666666664
106,2020-06-13,27967.0,1324850.6666666667,51742.333333333336
107,2020-06-14,27043.333333333332,1351894.0,52209.666666666664
108,2020-06-15,29510.666666666668,1381404.6666666667,52678.333333333336
109,2020-06-16,26024.333333333332,1407429.0,53140.333333333336
110,2020-06-17,23688.666666666668,1431117.6666666667,54119.0
111,2020-06-18,23843.666666666668,1454961.3333333333,54519.333333333336
112,2020-06-19,25668.666666666668,1480630.0,55029.0
113,2020-06-20,29002.0,1509632.0,55551.666666666664
114,2020-06-21,29563.333333333332,1539195.3333333333,56071.666666666664
115,2020-06-22,29370.666666666668,1568566.0,56648.333333333336
116,2020-06-23,25563.0,1594129.0,57135.333333333336
117,2020-06-24,24635.333333333332,1618764.3333333333,57608.0
118,2020-06-25,23706.0,1642470.3333333333,58059.333333333336
119,2020-06-26,25407.0,1667877.3333333333,58584.0
120,2020-06-27,27873.0,1695750.3333333333,59105.333333333336
121,2020-06-28,28756.666666666668,1724507.0,59709.0
122,2020-06-29,29306.333333333332,1753813.3333333333,60292.333333333336
123,2020-06-30,25033.333333333332,1778846.6666666667,60820.333333333336
124,2020-07-01,23227.333333333332,1802074.0,61298.666666666664
125,2020-07-02,21545.0,1823619.0,61728.666666666664
126,2020-07-03,24357.666666666668,1847976.6666666667,62212.666666666664
127,2020-07-04,26157.0,1874133.6666666667,62781.666666666664
128,2020-07-05,26045.666666666668,1900179.3333333333,63390.0
129,2020-07-06,28962.333333333332,1929141.6666666667,63971.666666666664
130,2020-07-07,24683.666666666668,1953825.3333333333,64475.333333333336
131,2020-07-08,23105.666666666668,1976931.0,64936.0
132,2020-07-09,22792.333333333332,1999723.3333333333,65365.0
133,2020-07-10,28525.666666666668,2028249.0,65890.33333333333
134,2020-07-11,27189.0,2055438.0,66506.33333333333
135,2020-07-12,26747.0,2082185.0,67090.0
136,2020-07-13,28353.666666666668,2110538.6666666665,67606.66666666667
137,2020-07-14,26568.333333333332,2137107.0,68108.66666666667
138,2020-07-15,23663.333333333332,2160770.3333333335,68599.66666666667
139,2020-07-16,24794.0,2185564.3333333335,69014.0
140,2020-07-17,25549.333333333332,2211113.6666666665,69552.33333333333
141,2020-07-18,27170.666666666668,2238284.3333333335,70198.0
142,2020-07-19,28374.0,2266658.3333333335,70712.66666666667
143,2020-07-20,29215.333333333332,2295873.6666666665,71276.33333333333
144,2020-07-21,26582.666666666668,2322456.3333333335,71807.33333333333
145,2020-07-22,24657.333333333332,2347113.6666666665,72302.33333333333
146,2020-07-23,27159.0,2374272.6666666665,72873.66666666667
147,2020-07-24,29969.0,2404241.6666666665,73413.66666666667
148,2020-07-25,31793.333333333332,2436035.0,74020.33333333333
149,2020-07-26,31871.0,2467906.0,74569.0
150,2020-07-27,32169.0,2500075.0,75150.66666666667
151,2020-07-28,29544.333333333332,2529619.3333333335,75649.33333333333
152,2020-07-29,28392.0,2558011.3333333335,76145.33333333333
153,2020-07-30,30283.666666666668,2588295.0,76588.33333333333
154,2020-07-31,31425.0,2619720.0,77135.0
155,2020-08-01,33595.0,2653315.0,77684.66666666667
156,2020-08-02,33342.333333333336,2686657.3333333335,78286.0
157,2020-08-03,34640.666666666664,2721298.0,78844.66666666667
158,2020-08-04,31067.333333333332,2752365.3333333335,79379.33333333333
159,2020-08-05,28921.666666666668,2781287.0,79893.33333333333
160,2020-08-06,27064.0,2808351.0,80334.33333333333
161,2020-08-07,30204.666666666668,2838555.6666666665,80814.66666666667
162,2020-08-08,32068.666666666668,2870624.3333333335,81401.33333333333
163,2020-08-09,34331.666666666664,2904956.0,81965.66666666667
164,2020-08-10,35391.333333333336,2940347.3333333335,82589.0
165,2020-08-11,31330.666666666668,2971678.0,83100.0
166,2020-08-12,31291.333333333332,3002969.3333333335,83618.33333333333
167,2020-08-13,33788.0,3036757.3333333335,84052.0
168,2020-08-14,33797.0,3070554.3333333335,84655.0
169,2020-08-15,36309.333333333336,3106863.6666666665,85353.66666666667
170,2020-08-16,36013.0,3142876.6666666665,85912.33333333333
171,2020-08-17,35384.0,3178260.6666666665,86493.66666666667
172,2020-08-18,32425.666666666668,3210686.3333333335,87010.66666666667
173,2020-08-19,33002.333333333336,3243688.6666666665,87536.0
174,2020-08-20,37028.666666666664,3280717.3333333335,88040.66666666667
175,2020-08-21,39480.0,3320197.3333333335,88588.33333333333
176,2020-08-22,37179.0,3357376.3333333335,89204.33333333333
177,2020-08-23,38403.333333333336,3395779.6666666665,89755.33333333333
178,2020-08-24,37012.666666666664,3432792.3333333335,90293.33333333333
179,2020-08-25,34342.666666666664,3467135.0,90797.66666666667
180,2020-08-26,34239.0,3501374.0,91318.0
181,2020-08-27,38063.0,3539437.0,91792.33333333333
182,2020-08-28,38724.0,3578161.0,92409.66666666667
183,2020-08-29,40805.0,3618966.0,92978.66666666667
184,2020-08-30,41801.666666666664,3660767.6666666665,93539.0
185,2020-08-31,43156.0,3703923.6666666665,94165.0
186,2020-09-01,39222.333333333336,3743146.0,94626.33333333333
187,2020-09-02,38050.333333333336,3781196.3333333335,95174.0
188,2020-09-03,41836.666666666664,3823033.0,95691.0
189,2020-09-04,41673.0,3864706.0,96268.0
190,2020-09-05,46348.0,3911054.0,96891.66666666667
191,2020-09-06,48920.0,3959974.0,97491.66666666667
192,2020-09-07,49878.666666666664,4009852.6666666665,98094.33333333333
193,2020-09-08,43350.333333333336,4053203.0,98699.0
194,2020-09-09,44718.666666666664,4097921.6666666665,99261.66666666667
195,2020-09-10,48302.333333333336,4146224.0,99818.0
196,2020-09-11,49024.666666666664,4195248.666666667,100438.33333333333
197,2020-09-12,51609.0,4246857.666666667,101112.33333333333
198,2020-09-13,52476.333333333336,4299334.0,101716.0
199,2020-09-14,53729.0,4353063.0,102388.0
200,2020-09-15,46127.0,4399190.0,102970.33333333333
201,2020-09-16,46346.666666666664,4445536.666666667,103644.66666666667
202,2020-09-17,53091.0,4498627.666666667,104226.0
203,2020-09-18,51734.666666666664,4550362.333333333,104881.0
204,2020-09-19,54004.333333333336,4604366.666666667,105649.66666666667
205,2020-09-20,55843.666666666664,4660210.333333333,106332.66666666667
206,2020-09-21,56444.666666666664,4716655.0,107015.66666666667
207,2020-09-22,50432.0,4767087.0,107645.33333333333
208,2020-09-23,49659.666666666664,4816746.666666667,108207.33333333333
209,2020-09-24,52039.333333333336,4868786.0,108811.0
210,2020-09-25,53679.0,4922465.0,109490.0
211,2020-09-26,56606.333333333336,4979071.333333333,110207.33333333333
212,2020-09-27,59926.666666666664,5038998.0,110952.0
213,2020-09-28,59906.333333333336,5098904.333333333,111601.0
214,2020-09-29,54471.0,5153375.333333333,112173.66666666667
215,2020-09-30,74027.33333333333,5227402.666666667,112802.66666666667
216,2020-10-01,58014.333333333336,5285417.0,113442.33333333333
217,2020-10-02,60014.333333333336,5345431.333333333,114151.0
218,2020-10-03,64460.333333333336,5409891.666666667,114940.0
219,2020-10-04,66230.33333333333,5476122.0,115662.66666666667
220,2020-10-05,69274.33333333333,5545396.333333333,116384.0
221,2020-10-06,63706.666666666664,5609103.0,117043.66666666667
222,2020-10-07,61242.666666666664,5670345.666666667,117666.33333333333
223,2020-10-08,67686.0,5738031.666666667,118300.0
224,2020-10-09,72158.66666666667,5810190.333333333,119179.33333333333
225,2020-10-10,75653.33333333333,5885843.666666667,119994.33333333333
226,2020-10-11,78906.66666666667,5964750.333333333,120749.33333333333
227,2020-10-12,81252.33333333333,6046002.666666667,121445.0
228,2020-10-13,73204.33333333333,6119207.0,122171.0
229,2020-10-14,67032.33333333333,6186239.333333333,122756.66666666667
230,2020-10-15,73702.0,6259941.333333333,123322.66666666667
231,2020-10-16,76915.66666666667,6336857.0,124151.33333333333
232,2020-10-17,77710.0,6414567.0,125041.33333333333
233,2020-10-18,83525.0,6498092.0,126025.66666666667
234,2020-10-19,83040.66666666667,6581132.666666667,126871.66666666667
235,2020-10-20,73565.0,6654697.666666667,127642.0
236,2020-10-21,67962.33333333333,6722660.0,128315.33333333333
237,2020-10-22,72111.66666666667,6794771.666666667,129020.33333333333
238,2020-10-23,76548.33333333333,6871320.0,129880.0
239,2020-10-24,82518.33333333333,6953838.333333333,130859.66666666667
240,2020-10-25,65089.666666666664,7018928.0,131610.33333333334
241,2020-10-26,69756.66666666667,7088684.666666667,132323.0
242,2020-10-27,60385.666666666664,7149070.333333333,132987.66666666666
243,2020-10-28,61689.666666666664,7210760.0,133584.33333333334
244,2020-10-29,67307.33333333333,7278067.333333333,134272.0
245,2020-10-30,80492.66666666667,7358560.0,135252.66666666666
246,2020-10-31,86144.33333333333,7444704.333333333,136355.0
247,2020-11-01,87958.0,7532662.333333333,137425.33333333334
248,2020-11-02,89715.0,7622377.333333333,138455.33333333334
249,2020-11-03,81339.33333333333,7703716.666666667,139411.0
250,2020-11-04,74428.0,7778144.666666667,140111.66666666666
251,2020-11-05,77811.33333333333,7855956.0,141004.0
252,2020-11-06,91570.0,7947526.0,142081.0
253,2020-11-07,90574.66666666667,8038100.666666667,143381.0
254,2020-11-08,84875.66666666667,8122976.333333333,144469.66666666666
255,2020-11-09,97291.0,8220267.333333333,145695.66666666666
256,2020-11-10,85108.66666666667,8305376.0,146658.33333333334
257,2020-11-11,75219.0,8380595.0,147508.33333333334
258,2020-11-12,82074.33333333333,8462669.333333334,148344.0
259,2020-11-13,81210.66666666667,8543880.0,149446.66666666666
260,2020-11-14,95020.66666666667,8638900.666666666,150750.66666666666
261,2020-11-15,95900.33333333333,8734801.0,152012.33333333334
262,2020-11-16,88846.33333333333,8823647.333333334,153141.0
263,2020-11-17,77180.33333333333,8900827.666666666,154201.0
264,2020-11-18,75060.66666666667,8975888.333333334,155055.66666666666
265,2020-11-19,76409.66666666667,9052298.0,155960.66666666666
266,2020-11-20,81247.0,9133545.0,157119.33333333334
267,2020-11-21,90838.0,9224383.0,158387.0
268,2020-11-22,82611.66666666667,9306994.666666666,159561.33333333334
269,2020-11-23,68495.33333333333,9375490.0,160478.0
270,2020-11-24,61725.0,9437215.0,161188.33333333334
271,2020-11-25,66267.33333333333,9503482.333333334,161983.0
272,2020-11-26,73785.33333333333,9577267.666666666,162884.66666666666
273,2020-11-27,84027.33333333333,9661295.0,164167.0
274,2020-11-28,92406.33333333333,9753701.333333334,165583.66666666666
275,2020-11-29,90461.0,9844162.333333334,167001.66666666666
276,2020-11-30,89135.66666666667,9933298.0,168166.0
277,2020-12-01,85501.0,10018799.0,169121.66666666666
278,2020-12-02,80709.0,10099508.0,169970.33333333334
279,2020-12-03,69981.0,10169489.0,170822.0
280,2020-12-04,93041.66666666667,10262530.666666666,172168.33333333334
281,2020-12-05,98156.0,10360686.666666666,173624.0
282,2020-12-06,101955.33333333333,10462642.0,175111.0
283,2020-12-07,108391.66666666667,10571033.666666666,176478.33333333334
284,2020-12-08,94314.0,10665347.666666666,177744.0
285,2020-12-09,85565.0,10750912.666666666,178730.33333333334
286,2020-12-10,78592.33333333333,10829505.0,179712.66666666666
287,2020-12-11,82425.33333333333,10911930.333333334,181051.0
288,2020-12-12,85521.0,10997451.333333334,182554.0
289,2020-12-13,84673.66666666667,11082125.0,183939.0
290,2020-12-14,88187.33333333333,11170312.333333334,185179.0
291,2020-12-15,77248.33333333333,11247560.666666666,186480.0
292,2020-12-16,71043.66666666667,11318604.333333334,187476.0
293,2020-12-17,59461.333333333336,11378065.666666666,188344.33333333334
294,2020-12-18,57785.0,11435850.666666666,189370.0
295,2020-12-19,71194.33333333333,11507045.0,190761.66666666666
296,2020-12-20,71497.0,11578542.0,192160.0
297,2020-12-21,71310.33333333333,11649852.333333334,193497.66666666666
298,2020-12-22,61748.666666666664,11711601.0,194622.66666666666
299,2020-12-23,55222.666666666664,11766823.666666666,195559.33333333334
300,2020-12-24,53502.666666666664,11820326.333333334,196342.66666666666
301,2020-12-25,56388.333333333336,11876714.666666666,197647.66666666666
302,2020-12-26,60459.333333333336,11937174.0,199048.66666666666
303,2020-12-27,58557.0,11995731.0,200432.33333333334
304,2020-12-28,61450.666666666664,12057181.666666666,201614.66666666666
305,2020-12-29,51787.0,12108968.666666666,202641.33333333334
306,2020-12-30,44205.666666666664,12153174.333333334,203501.0
307,2020-12-31,50320.666666666664,12203495.0,204344.33333333334
308,2021-01-01,47143.333333333336,12250638.333333334,205412.33333333334
309,2021-01-02,42600.333333333336,12293238.666666666,206581.0
310,2021-01-03,46949.333333333336,12340188.0,207696.0
311,2021-01-04,47125.0,12387313.0,208901.0
312,2021-01-05,42203.0,12429516.0,209902.33333333334
313,2021-01-06,37016.666666666664,12466532.666666666,210580.66666666666
314,2021-01-07,33705.333333333336,12500238.0,211210.66666666666
315,2021-01-08,36534.333333333336,12536772.333333334,212112.0
316,2021-01-09,38868.666666666664,12575641.0,213126.33333333334
317,2021-01-10,39404.666666666664,12615045.666666666,214277.66666666666
318,2021-01-11,37925.333333333336,12652971.0,216019.0
319,2021-01-12,32612.666666666668,12685583.666666666,217180.33333333334
320,2021-01-13,27800.0,12713383.666666666,217772.0
321,2021-01-14,25011.0,12738394.666666666,218300.33333333334
322,2021-01-15,24162.0,12762556.666666666,218833.0
323,2021-01-16,26314.333333333332,12788871.0,219619.0
324,2021-01-17,27913.333333333332,12816784.333333334,220429.0
325,2021-01-18,29128.0,12845912.333333334,221251.33333333334
326,2021-01-19,25198.666666666668,12871111.0,221910.0
327,2021-01-20,23491.333333333332,12894602.333333334,222472.33333333334
328,2021-01-21,23691.666666666668,12918294.0,223018.33333333334
329,2021-01-22,28244.333333333332,12946538.333333334,223645.33333333334
330,2021-01-23,28879.333333333332,12975417.666666666,224354.33333333334
331,2021-01-24,28958.333333333332,13004376.0,225356.33333333334
332,2021-01-25,28833.666666666668,13033209.666666666,226055.33333333334
333,2021-01-26,25811.333333333332,13059021.0,226639.0
334,2021-01-27,21767.0,13080788.0,227026.66666666666
335,2021-01-28,20940.666666666668,13101728.666666666,227509.0
336,2021-01-29,24213.666666666668,13125942.333333334,227939.66666666666
337,2021-01-30,26383.0,13152325.333333334,228617.33333333334
338,2021-01-31,25979.333333333332,13178304.666666666,229164.66666666666
339,2021-02-01,25180.333333333332,13203485.0,229845.66666666666
340,2021-02-02,22122.0,13225607.0,230302.66666666666
341,2021-02-03,18275.0,13243882.0,230638.33333333334
342,2021-02-04,18546.333333333332,13262428.333333334,230941.33333333334
343,2021-02-05,22173.333333333332,13284601.666666666,231381.66666666666
344,2021-02-06,24498.333333333332,13309100.0,231938.66666666666
345,2021-02-07,23947.666666666668,13333047.666666666,232404.0
346,2021-02-08,25361.333333333332,13358409.0,232929.0
347,2021-02-09,20485.666666666668,13378894.666666666,233274.33333333334
348,2021-02-10,19451.333333333332,13398346.0,233522.66666666666
349,2021-02-11,18828.333333333332,13417174.333333334,233789.66666666666
350,2021-02-12,20387.666666666668,13437562.0,234103.0
351,2021-02-13,23917.666666666668,13461479.666666666,234495.66666666666
352,2021-02-14,25103.333333333332,13486583.0,234845.0
353,2021-02-15,24566.666666666668,13511149.666666666,235234.33333333334
354,2021-02-16,22533.333333333332,13533683.0,235500.66666666666
355,2021-02-17,18953.0,13552636.0,235718.33333333334
356,2021-02-18,20375.0,13573011.0,236064.66666666666
357,2021-02-19,23634.666666666668,13596645.666666666,236348.0
358,2021-02-20,27345.666666666668,13623991.333333334,236757.33333333334
359,2021-02-21,26551.333333333332,13650542.666666666,237114.33333333334
360,2021-02-22,29685.333333333332,13680228.0,237489.33333333334
361,2021-02-23,24603.666666666668,13704831.666666666,237799.33333333334
362,2021-02-24,22339.666666666668,13727171.333333334,238040.0
363,2021-02-25,24923.333333333332,13752094.666666666,238268.66666666666
364,2021-02-26,26127.666666666668,13778222.333333334,238551.66666666666
365,2021-02-27,28691.333333333332,13806913.666666666,238905.33333333334
366,2021-02-28,30155.0,13837068.666666666,239215.0
367,2021-03-01,28661.333333333332,13865730.0,239531.0
368,2021-03-02,25343.0,13891073.0,239797.33333333334
369,2021-03-03,20246.666666666668,13911319.666666666,240007.33333333334
370,2021-03-04,24616.0,13935935.666666666,240157.66666666666
371,2021-03-05,26845.333333333332,13962781.0,240445.0
372,2021-03-06,30991.666666666668,13993772.666666666,240754.66666666666
373,2021-03-07,31392.666666666668,14025165.333333334,241077.0
374,2021-03-08,31681.666666666668,14056847.0,241397.33333333334
375,2021-03-09,27843.666666666668,14084690.666666666,241670.33333333334
376,2021-03-10,23725.666666666668,14108416.333333334,241870.66666666666
377,2021-03-11,27773.0,14136189.333333334,242090.66666666666
378,2021-03-12,31838.0,14168027.333333334,242380.0
379,2021-03-13,31855.0,14199882.333333334,242687.66666666666
380,2021-03-14,32279.333333333332,14232161.666666666,243006.33333333334
381,2021-03-15,32461.0,14264622.666666666,243314.66666666666
382,2021-03-16,33912.666666666664,14298535.333333334,243567.33333333334
383,2021-03-17,26092.0,14324627.333333334,243796.33333333334
384,2021-03-18,23731.333333333332,14348358.666666666,244008.0
385,2021-03-19,32356.333333333332,14380715.0,244308.0
386,2021-03-20,34677.666666666664,14415392.666666666,244626.33333333334
387,2021-03-21,35112.0,14450504.666666666,244953.33333333334
388,2021-03-22,36469.0,14486973.666666666,245302.33333333334
389,2021-03-23,30811.666666666668,14517785.333333334,245586.66666666666
390,2021-03-24,29377.333333333332,14547162.666666666,245823.33333333334
391,2021-03-25,27898.333333333332,14575061.0,246063.0
392,2021-03-26,36483.333333333336,14611544.333333334,246330.66666666666
393,2021-03-27,38893.333333333336,14650437.666666666,246705.0
394,2021-03-28,39463.333333333336,14689901.0,247060.0
395,2021-03-29,41121.333333333336,14731022.333333334,247425.66666666666
396,2021-03-30,34863.333333333336,14765885.666666666,247721.33333333334
397,2021-03-31,30033.333333333332,14795919.0,248006.33333333334
398,2021-04-01,35100.333333333336,14831019.333333334,248316.0
399,2021-04-02,41348.333333333336,14872367.666666666,248697.0
400,2021-04-03,44563.0,14916930.666666666,249173.0
401,2021-04-04,45319.666666666664,14962250.333333334,249567.66666666666
402,2021-04-05,49409.0,15011659.333333334,249995.66666666666
403,2021-04-06,44672.333333333336,15056331.666666666,250347.33333333334
404,2021-04-07,47765.333333333336,15104097.0,250693.33333333334
405,2021-04-08,50395.0,15154492.0,251053.33333333334
406,2021-04-09,55024.666666666664,15209516.666666666,251512.66666666666
407,2021-04-10,60398.666666666664,15269915.333333334,252003.66666666666
408,2021-04-11,64448.666666666664,15334364.0,252477.66666666666
409,2021-04-12,68021.0,15402385.0,253012.66666666666
410,2021-04-13,63874.0,15466259.0,253453.0
411,2021-04-14,68651.0,15534910.0,253941.0
412,2021-04-15,73475.33333333333,15608385.333333334,254407.66666666666
413,2021-04-16,81783.0,15690168.333333334,255006.0
414,2021-04-17,87480.33333333333,15777648.666666666,255648.0
415,2021-04-18,96578.0,15874226.666666666,256328.66666666666
416,2021-04-19,100665.0,15974891.666666666,257085.0
417,2021-04-20,93906.66666666667,16068798.333333334,257808.33333333334
418,2021-04-21,103937.66666666667,16172736.0,258579.0
419,2021-04-22,110023.33333333333,16282759.333333334,259467.33333333334
420,2021-04-23,119304.0,16402063.333333334,260396.33333333334
421,2021-04-24,123606.33333333333,16525669.666666666,261445.33333333334
422,2021-04-25,124105.0,16649774.666666666,262553.0
423,2021-04-26,126149.66666666667,16775924.333333334,263729.0
424,2021-04-27,113114.66666666667,16889039.0,264759.3333333333
425,2021-04-28,124604.66666666667,17013643.666666668,265948.6666666667
426,2021-04-29,129682.33333333333,17143326.0,267244.3333333333
427,2021-04-30,131921.33333333334,17275247.333333332,268526.0
428,2021-05-01,139467.33333333334,17414714.666666668,269868.6666666667
429,2021-05-02,137070.66666666666,17551785.333333332,271261.6666666667
430,2021-05-03,129116.0,17680901.333333332,272601.6666666667
431,2021-05-04,124153.66666666667,17805055.0,273889.6666666667
432,2021-05-05,131313.33333333334,17936368.333333332,275303.0
433,2021-05-06,140907.33333333334,18077275.666666668,276749.0
434,2021-05-07,142842.0,18220117.666666668,278167.0
435,2021-05-08,140318.33333333334,18360436.0,279699.0
436,2021-05-09,139983.66666666666,18500419.666666668,281198.6666666667
437,2021-05-10,126804.33333333333,18627224.0,282593.6666666667
438,2021-05-11,114203.0,18741427.0,283963.0
439,2021-05-12,119143.33333333333,18860570.333333332,285424.0
440,2021-05-13,123733.33333333333,18984303.666666668,286872.3333333333
441,2021-05-14,118655.33333333333,19102959.0,288316.0
442,2021-05-15,113158.0,19216117.0,289727.3333333333
443,2021-05-16,108281.33333333333,19324398.333333332,291185.3333333333
444,2021-05-17,97848.0,19422246.333333332,292651.0
445,2021-05-18,92034.0,19514280.333333332,294184.6666666667
446,2021-05-19,92177.66666666667,19606458.0,295775.3333333333
447,2021-05-20,94935.0,19701393.0,297159.0
448,2021-05-21,90980.0,19792373.0,298671.3333333333
449,2021-05-22,90416.33333333333,19882789.333333332,300180.0
450,2021-05-23,85511.66666666667,19968301.0,301540.0
451,2021-05-24,79149.0,20047450.0,303164.0
452,2021-05-25,69942.0,20117392.0,304416.6666666667
453,2021-05-26,73231.0,20190623.0,305864.3333333333
454,2021-05-27,73951.0,20264574.0,307210.6666666667
455,2021-05-28,67319.66666666667,20331893.666666668,308525.6666666667
456,2021-05-29,61831.0,20393724.666666668,309815.6666666667
457,2021-05-30,61402.666666666664,20455127.333333332,311067.0
458,2021-05-31,56565.333333333336,20511692.666666668,312215.3333333333
459,2021-06-01,46930.333333333336,20558623.0,313202.6666666667
460,2021-06-02,47781.0,20606404.0,314316.6666666667
461,2021-06-03,47788.333333333336,20654192.333333332,315314.0
462,2021-06-04,50793.0,20704985.333333332,316319.3333333333
463,2021-06-05,47750.666666666664,20752736.0,317535.0
464,2021-06-06,99352.0,20852088.0,318517.6666666667
465,2021-06-07,42754.0,20894842.0,319433.0
466,2021-06-08,35812.0,20930654.0,320194.3333333333
467,2021-06-09,36458.666666666664,20967112.666666668,320975.6666666667
468,2021-06-10,41001.0,21008113.666666668,323124.6666666667
469,2021-06-11,42244.333333333336,21050358.0,324371.6666666667
470,2021-06-12,40894.666666666664,21091252.666666668,325821.6666666667
471,2021-06-13,40482.333333333336,21131735.0,327031.0
472,2021-06-14,37577.666666666664,21169312.666666668,328463.3333333333
473,2021-06-15,30891.0,21200203.666666668,329434.3333333333
474,2021-06-16,30087.333333333332,21230291.0,330330.6666666667
475,2021-06-17,37484.666666666664,21267775.666666668,331203.3333333333
476,2021-06-18,37868.666666666664,21305644.333333332,331839.3333333333
477,2021-06-19,40706.333333333336,21346350.666666668,332522.6666666667
478,2021-06-20,43402.666666666664,21389753.333333332,333162.3333333333
479,2021-06-21,40992.333333333336,21430745.666666668,333775.6666666667
480,2021-06-22,32165.333333333332,21462911.0,334250.0
481,2021-06-23,31371.0,21494282.0,334786.3333333333
482,2021-06-24,41802.333333333336,21536084.333333332,335363.6666666667
483,2021-06-25,45851.333333333336,21581935.666666668,335973.0
484,2021-06-26,45983.666666666664,21627919.333333332,336532.3333333333
485,2021-06-27,49825.666666666664,21677745.0,337116.6666666667
486,2021-06-28,50250.333333333336,21727995.333333332,337618.0
487,2021-06-29,39405.0,21767400.333333332,338052.0
488,2021-06-30,35742.0,21803142.333333332,338447.6666666667
489,2021-07-01,50436.666666666664,21853579.0,339002.0
490,2021-07-02,52335.666666666664,21905914.666666668,339519.6666666667
491,2021-07-03,57022.333333333336,21962937.0,340013.3333333333
492,2021-07-04,57011.0,22019948.0,340582.6666666667
493,2021-07-05,57953.0,22077901.0,341103.0
494,2021-07-06,51692.0,22129593.0,341504.3333333333
495,2021-07-07,46878.666666666664,22176471.666666668,341994.0
496,2021-07-08,46358.666666666664,22222830.333333332,342507.3333333333
497,2021-07-09,59657.666666666664,22282488.0,343132.6666666667
498,2021-07-10,62122.666666666664,22344610.666666668,343739.0
499,2021-07-11,64255.0,22408865.666666668,344362.3333333333
500,2021-07-12,61189.666666666664,22470055.333333332,345002.6666666667
501,2021-07-13,57613.666666666664,22527669.0,345978.0
502,2021-07-14,49855.333333333336,22577524.333333332,346413.0
503,2021-07-15,50274.0,22627798.333333332,346888.3333333333
504,2021-07-16,63150.666666666664,22690949.0,347466.6666666667
505,2021-07-17,68763.33333333333,22759712.333333332,348152.3333333333
506,2021-07-18,71866.33333333333,22831578.666666668,348785.3333333333
507,2021-07-19,68555.66666666667,22900134.333333332,349472.0
508,2021-07-20,57316.0,22957450.333333332,349986.6666666667
509,2021-07-21,55513.666666666664,23012964.0,351619.3333333333
510,2021-07-22,54081.333333333336,23067045.333333332,352190.0
511,2021-07-23,65934.0,23132979.333333332,352902.6666666667
512,2021-07-24,72011.33333333333,23204990.666666668,353637.6666666667
513,2021-07-25,75348.33333333333,23280339.0,354403.0
514,2021-07-26,73858.33333333333,23354197.333333332,355154.6666666667
515,2021-07-27,59918.666666666664,23414116.0,355780.0
516,2021-07-28,53123.666666666664,23467239.666666668,356387.6666666667
517,2021-07-29,60720.666666666664,23527960.333333332,357015.6666666667
518,2021-07-30,73693.0,23601653.333333332,357803.0
519,2021-07-31,79767.0,23681420.333333332,358672.6666666667
520,2021-08-01,75094.33333333333,23756514.666666668,359529.3333333333
521,2021-08-02,74091.33333333333,23830606.0,360328.0
522,2021-08-03,57449.666666666664,23888055.666666668,360965.3333333333
523,2021-08-04,55245.666666666664,23943301.333333332,361594.0
524,2021-08-05,53006.0,23996307.333333332,362135.6666666667
525,2021-08-06,53124.333333333336,24049431.666666668,362797.6666666667
526,2021-08-07,69968.66666666667,24119400.333333332,363709.6666666667
527,2021-08-08,74274.33333333333,24193674.666666668,364622.0
528,2021-08-09,69205.0,24262879.666666668,365535.3333333333
529,2021-08-10,60594.666666666664,24323474.333333332,366239.6666666667
530,2021-08-11,50748.666666666664,24374223.0,366785.3333333333
531,2021-08-12,53410.666666666664,24427633.666666668,367399.3333333333
532,2021-08-13,67455.0,24495088.666666668,368399.0
533,2021-08-14,67291.66666666667,24562380.333333332,369391.3333333333
534,2021-08-15,67834.66666666667,24630215.0,370258.3333333333
535,2021-08-16,63841.666666666664,24694056.666666668,371177.0
536,2021-08-17,49265.666666666664,24743322.333333332,371852.3333333333
537,2021-08-18,43299.666666666664,24786622.0,372397.0
538,2021-08-19,44947.666666666664,24831569.666666668,373030.0
539,2021-08-20,56545.0,24888114.666666668,373991.6666666667
540,2021-08-21,55744.666666666664,24943859.333333332,374900.0
541,2021-08-22,56418.333333333336,25000277.666666668,375725.6666666667
542,2021-08-23,52622.666666666664,25052900.333333332,376677.0
543,2021-08-24,40562.0,25093462.333333332,377273.3333333333
544,2021-08-25,37624.666666666664,25131087.0,377829.0
545,2021-08-26,51178.0,25182265.0,378683.6666666667
546,2021-08-27,53384.333333333336,25235649.333333332,379567.6666666667
547,2021-08-28,54536.333333333336,25290185.666666668,380488.3333333333
548,2021-08-29,56387.666666666664,25346573.333333332,381295.6666666667
549,2021-08-30,54542.333333333336,25401115.666666668,382159.3333333333
550,2021-08-31,37655.0,25438770.666666668,382705.3333333333
551,2021-09-01,36215.666666666664,25474986.333333332,383172.6666666667
552,2021-09-02,46313.666666666664,25521300.0,383794.3333333333
553,2021-09-03,49063.0,25570363.0,384601.6666666667
554,2021-09-04,53627.333333333336,25623990.333333332,385396.0
555,2021-09-05,51946.666666666664,25675937.0,386078.0
556,2021-09-06,49161.0,25725098.0,386902.0
557,2021-09-07,33948.0,25759046.0,387349.3333333333
558,2021-09-08,32120.0,25791166.0,387810.3333333333
559,2021-09-09,40418.666666666664,25831584.666666668,388264.3333333333
560,2021-09-10,41547.0,25873131.666666668,388989.0
561,2021-09-11,43239.333333333336,25916371.0,389707.0
562,2021-09-12,41830.0,25958201.0,390345.0
563,2021-09-13,39896.666666666664,25998097.666666668,391097.3333333333
564,2021-09-14,29477.666666666668,26027575.333333332,391507.6666666667
565,2021-09-15,24952.666666666668,26052528.0,391834.0
566,2021-09-16,34306.666666666664,26086834.666666668,392754.3333333333
567,2021-09-17,38342.666666666664,26125177.333333332,393477.3333333333
568,2021-09-18,37411.333333333336,26162588.666666668,394184.6666666667
569,2021-09-19,39457.666666666664,26202046.333333332,394795.3333333333
570,2021-09-20,37060.333333333336,26239106.666666668,395547.3333333333
571,2021-09-21,20763.0,26259869.666666668,395849.3333333333
572,2021-09-22,18359.0,26278228.666666668,396092.6666666667
573,2021-09-23,38810.0,26317038.666666668,396530.0
574,2021-09-24,44408.0,26361446.666666668,397320.3333333333
575,2021-09-25,37960.333333333336,26399407.0,398005.3333333333
576,2021-09-26,43833.0,26443240.0,398517.6666666667
577,2021-09-27,38187.0,26481427.0,399206.3333333333
578,2021-09-28,17944.333333333332,26499371.333333332,399417.0
579,2021-09-29,14766.0,26514137.333333332,399643.6666666667
580,2021-09-30,47158.333333333336,26561295.666666668,400146.0
581,2021-10-01,33799.0,26595094.666666668,400721.6666666667
582,2021-10-02,34411.666666666664,26629506.333333332,401195.6666666667
583,2021-10-03,37268.666666666664,26666775.0,401678.3333333333
584,2021-10-04,36914.666666666664,26703689.666666668,402276.3333333333
585,2021-10-05,18132.0,26721821.666666668,402522.6666666667
586,2021-10-06,16813.0,26738634.666666668,402700.6666666667
587,2021-10-07,46305.333333333336,26784940.0,403193.6666666667
588,2021-10-08,34735.0,26819675.0,403813.0
589,2021-10-09,37850.0,26857525.0,404344.3333333333
590,2021-10-10,30628.333333333332,26888153.333333332,404739.0
591,2021-10-11,47080.333333333336,26935233.666666668,405381.3333333333
592,2021-10-12,27891.666666666668,26963125.333333332,405623.0
593,2021-10-13,16503.666666666668,26979629.0,405770.6666666667
594,2021-10-14,50879.333333333336,27030508.333333332,406212.6666666667
595,2021-10-15,37938.0,27068446.333333332,406827.0
596,2021-10-16,40608.333333333336,27109054.666666668,407363.0
597,2021-10-17,46019.666666666664,27155074.333333332,408700.0
598,2021-10-18,42483.0,27197557.333333332,409309.3333333333
599,2021-10-19,19762.0,27217319.333333332,409488.6666666667
600,2021-10-20,17799.333333333332,27235118.666666668,409613.3333333333
601,2021-10-21,54627.0,27289745.666666668,410059.0
602,2021-10-22,38959.0,27328704.666666668,410656.0
603,2021-10-23,40965.333333333336,27369670.0,411336.0
604,2021-10-24,29553.0,27399223.0,411678.0
605,2021-10-25,32027.333333333332,27431250.333333332,412013.3333333333
606,2021-10-26,21423.0,27452673.333333332,412203.3333333333
607,2021-10-27,23342.0,27476015.333333332,412462.6666666667
608,2021-10-28,36563.0,27512578.333333332,413261.3333333333
609,2021-10-29,45029.333333333336,27557607.666666668,414070.3333333333
610,2021-10-30,49170.666666666664,27606778.333333332,414829.0
611,2021-10-31,52261.0,27659039.333333332,415392.3333333333
612,2021-11-01,54733.333333333336,27713772.666666668,416023.0
613,2021-11-02,25959.666666666668,27739732.333333332,416361.3333333333
614,2021-11-03,22430.333333333332,27762162.666666668,416558.6666666667
615,2021-11-04,65667.33333333333,27827830.0,417141.6666666667
616,2021-11-05,46128.666666666664,27873958.666666668,417826.0
617,2021-11-06,46912.333333333336,27920871.0,418450.0
618,2021-11-07,49457.333333333336,27970328.333333332,419012.6666666667
619,2021-11-08,49037.0,28019365.333333332,419758.3333333333
620,2021-11-09,24733.333333333332,28044098.666666668,420032.3333333333
621,2021-11-10,23220.333333333332,28067319.0,420287.6666666667
622,2021-11-11,66295.33333333333,28133614.333333332,420838.3333333333
623,2021-11-12,46013.666666666664,28179628.0,421641.3333333333
624,2021-11-13,52803.0,28232431.0,422459.6666666667
625,2021-11-14,58008.0,28290439.0,422926.6666666667
626,2021-11-15,55696.666666666664,28346135.666666668,423646.3333333333
627,2021-11-16,32198.666666666668,28378334.333333332,423908.6666666667
628,2021-11-17,37503.666666666664,28415838.0,424104.3333333333
629,2021-11-18,92731.33333333333,28508569.333333332,424750.3333333333
630,2021-11-19,71507.66666666667,28580077.0,425656.3333333333
631,2021-11-20,82760.0,28662837.0,426363.3333333333
632,2021-11-21,96473.66666666667,28759310.666666668,427526.6666666667
633,2021-11-22,83346.66666666667,28842657.333333332,428065.6666666667
634,2021-11-23,41189.333333333336,28883846.666666668,428231.6666666667
635,2021-11-24,73605.33333333333,28957452.0,428466.0
636,2021-11-25,157949.0,29115401.0,429193.3333333333
637,2021-11-26,133432.66666666666,29248833.666666668,430133.0
638,2021-11-27,160949.66666666666,29409783.333333332,430895.6666666667
639,2021-11-28,197884.66666666666,29607668.0,431547.3333333333
640,2021-11-29,160168.66666666666,29767836.666666668,432074.0
641,2021-11-30,103412.66666666667,29871249.333333332,432280.6666666667
642,2021-12-01,133347.33333333334,30004596.666666668,432494.3333333333
643,2021-12-02,304121.0,30308717.666666668,433210.6666666667
644,2021-12-03,247319.66666666666,30556037.333333332,434287.6666666667
645,2021-12-04,237185.66666666666,30793223.0,435041.3333333333
646,2021-12-05,269194.6666666667,31062417.666666668,436669.3333333333
647,2021-12-06,287169.0,31349586.666666668,437561.6666666667
648,2021-12-07,151939.0,31501525.666666668,437924.6666666667
649,2021-12-08,165075.33333333334,31666601.0,438222.6666666667
650,2021-12-09,425062.6666666667,32091663.666666668,438929.6666666667
651,2021-12-10,270763.3333333333,32362427.0,440200.6666666667
652,2021-12-11,288061.3333333333,32650488.333333332,441158.3333333333
653,2021-12-12,300128.3333333333,32950616.666666668,441986.6666666667
654,2021-12-13,302012.3333333333,33252629.0,443055.0
655,2021-12-14,157327.33333333334,33409956.333333332,443599.0
656,2021-12-15,141974.33333333334,33551930.666666668,443972.3333333333
657,2021-12-16,325574.6666666667,33877505.333333336,444571.0
658,2021-12-17,287994.3333333333,34165499.666666664,445582.0
659,2021-12-18,262594.0,34428093.666666664,446764.6666666667
660,2021-12-19,261235.33333333334,34689329.0,447819.6666666667
661,2021-12-20,261055.66666666666,34950384.666666664,449130.3333333333
662,2021-12-21,111348.0,35061732.666666664,449687.3333333333
663,2021-12-22,107158.0,35168890.666666664,450113.3333333333
664,2021-12-23,339643.0,35508533.666666664,451186.0
665,2021-12-24,166704.66666666666,35675238.333333336,452487.3333333333
666,2021-12-25,184196.33333333334,35859434.666666664,453752.6666666667
667,2021-12-26,193356.0,36052790.666666664,454772.6666666667
668,2021-12-27,176717.33333333334,36229508.0,456079.0
669,2021-12-28,76256.0,36305764.0,456682.0
670,2021-12-29,55885.666666666664,36361649.666666664,457091.0
671,2021-12-30,196622.66666666666,36558272.333333336,458106.6666666667
672,2021-12-31,104478.33333333333,36662750.666666664,459538.6666666667
673,2022-01-01,108810.66666666667,36771561.333333336,460746.6666666667
674,2022-01-02,125936.66666666667,36897498.0,461746.3333333333
675,2022-01-03,105289.0,37002787.0,462929.0
676,2022-01-04,47456.666666666664,37050243.666666664,463388.3333333333
677,2022-01-05,51713.666666666664,37101957.333333336,463804.3333333333
678,2022-01-06,132249.66666666666,37234207.0,465013.0
679,2022-01-07,105262.66666666667,37339469.666666664,466381.6666666667
680,2022-01-08,113054.33333333333,37452524.0,467478.3333333333
681,2022-01-09,108888.66666666667,37561412.666666664,468447.6666666667
682,2022-01-10,112067.33333333333,37673480.0,469461.0
683,2022-01-11,79151.33333333333,37752631.333333336,469876.3333333333
684,2022-01-12,81421.66666666667,37834053.0,470267.0
685,2022-01-13,141064.33333333334,37975117.333333336,471384.6666666667
686,2022-01-14,124829.0,38099946.333333336,472613.6666666667
687,2022-01-15,125437.33333333333,38225383.666666664,473651.6666666667
688,2022-01-16,125372.66666666667,38350756.333333336,474529.3333333333
689,2022-01-17,122720.66666666667,38473477.0,475431.0
690,2022-01-18,94216.0,38567693.0,475780.0
691,2022-01-19,106825.0,38674518.0,476128.6666666667
692,2022-01-20,124075.33333333333,38798593.333333336,476663.0
693,2022-01-21,156665.33333333334,38955258.666666664,477985.3333333333
694,2022-01-22,139275.33333333334,39094534.0,479030.3333333333
695,2022-01-23,139170.33333333334,39233704.333333336,480051.0
696,2022-01-24,129769.66666666667,39363474.0,480974.3333333333
697,2022-01-25,106566.33333333333,39470040.333333336,481395.3333333333
698,2022-01-26,109262.33333333333,39579302.666666664,481763.6666666667
699,2022-01-27,129647.33333333333,39708950.0,482749.3333333333
700,2022-01-28,116583.33333333333,39825533.333333336,483643.6666666667
701,2022-01-29,107060.33333333333,39932593.666666664,484528.0
702,2022-01-30,113840.0,40046433.666666664,485339.6666666667
703,2022-01-31,103775.33333333333,40150209.0,486248.3333333333
704,2022-02-01,78073.0,40228282.0,486815.6666666667
705,2022-02-02,69421.66666666667,40297703.666666664,487589.0
706,2022-02-03,87029.33333333333,40384733.0,488512.6666666667
707,2022-02-04,68690.0,40453423.0,489541.6666666667
708,2022-02-05,67642.33333333333,40521065.333333336,490644.0
709,2022-02-06,57889.333333333336,40578954.666666664,491448.6666666667
710,2022-02-07,48615.0,40627569.666666664,492319.6666666667
711,2022-02-08,33104.666666666664,40660674.333333336,492982.3333333333
712,2022-02-09,32759.666666666668,40693434.0,493548.0
713,2022-02-10,47629.333333333336,40741063.333333336,493237.3333333333
714,2022-02-11,32763.0,40773826.333333336,494032.6666666667
715,2022-02-12,34060.666666666664,40807887.0,494897.0
716,2022-02-13,31299.0,40839186.0,495573.3333333333
717,2022-02-14,25432.333333333332,40864618.333333336,496109.0
718,2022-02-15,15853.0,40880471.333333336,496379.6666666667
719,2022-02-16,16681.333333333332,40897152.666666664,496684.0
720,2022-02-17,25869.666666666668,40923022.333333336,497210.0
721,2022-02-18,19216.333333333332,40942238.666666664,497760.6666666667
722,2022-02-19,24827.333333333332,40967066.0,498365.3333333333
723,2022-02-20,20815.333333333332,40987881.333333336,498956.3333333333
724,2022-02-21,17334.0,41005215.333333336,499350.6666666667
725,2022-02-22,10655.0,41015870.333333336,499553.0
726,2022-02-23,10032.0,41025902.333333336,499723.6666666667
727,2022-02-24,17202.666666666668,41043105.0,500103.3333333333
728,2022-02-25,13963.666666666666,41057068.666666664,500504.0
729,2022-02-26,21542.333333333332,41078611.0,501030.3333333333
730,2022-02-27,18443.666666666668,41097054.666666664,501391.0
731,2022-02-28,13443.666666666666,41110498.333333336,501671.0
732,2022-03-01,7900.0,41118398.333333336,501820.3333333333
733,2022-03-02,7432.333333333333,41125830.666666664,501972.3333333333
734,2022-03-03,12336.0,41138166.666666664,502164.0
735,2022-03-04,14289.0,41152455.666666664,502435.6666666667
736,2022-03-05,17177.0,41169632.666666664,502875.6666666667
737,2022-03-06,14151.0,41183783.666666664,503139.6666666667
738,2022-03-07,16812.666666666668,41200596.333333336,503490.3333333333
739,2022-03-08,7041.666666666667,41207638.0,503602.0
740,2022-03-09,8238.333333333334,41215876.333333336,503694.3333333333
741,2022-03-10,13800.333333333334,41229676.666666664,503858.3333333333
742,2022-03-11,11861.0,41241537.666666664,504206.6666666667
743,2022-03-12,17543.666666666668,41259081.333333336,504457.0
744,2022-03-13,23503.666666666668,41282585.0,504730.0
745,2022-03-14,17301.333333333332,41299886.333333336,504938.3333333333
746,2022-03-15,8345.0,41308231.333333336,505009.3333333333
747,2022-03-16,8989.666666666666,41317221.0,505074.6666666667
748,2022-03-17,14344.0,41331565.0,505227.3333333333
749,2022-03-18,20351.333333333332,41351916.333333336,505428.3333333333
750,2022-03-19,21428.666666666668,41373345.0,505643.0
751,2022-03-20,18973.666666666668,41392318.666666664,505909.6666666667
752,2022-03-21,25285.333333333332,41417604.0,506046.3333333333
753,2022-03-22,10722.666666666666,41428326.666666664,506090.3333333333
754,2022-03-23,9638.333333333334,41437965.0,506147.3333333333
755,2022-03-24,19955.333333333332,41457920.333333336,506263.3333333333
756,2022-03-25,24494.0,41482414.333333336,506442.3333333333
757,2022-03-26,29055.333333333332,41511469.666666664,508070.3333333333
758,2022-03-27,24658.333333333332,41536128.0,508235.0
759,2022-03-28,33102.666666666664,41569230.666666664,508428.6666666667
760,2022-03-29,13708.333333333334,41582939.0,508490.3333333333
761,2022-03-30,14744.666666666666,41597683.666666664,508562.0
762,2022-03-31,27796.333333333332,41625480.0,508644.6666666667
763,2022-04-01,30752.666666666668,41656232.666666664,508887.3333333333
764,2022-04-02,41806.333333333336,41698039.0,509192.3333333333
765,2022-04-03,36652.0,41734691.0,509326.3333333333
766,2022-04-04,42424.333333333336,41777115.333333336,509500.0
767,2022-04-05,21617.666666666668,41798733.0,509551.0
768,2022-04-06,25915.333333333332,41824648.333333336,509602.0
769,2022-04-07,48944.0,41873592.333333336,509687.6666666667
770,2022-04-08,47376.666666666664,41920969.0,509839.3333333333
771,2022-04-09,60050.333333333336,41981019.333333336,510063.6666666667
772,2022-04-10,52437.333333333336,42033456.666666664,510166.0
773,2022-04-11,61565.0,42095021.666666664,510318.6666666667
774,2022-04-12,31740.333333333332,42126762.0,510366.3333333333
775,2022-04-13,37220.333333333336,42163982.333333336,510411.6666666667
776,2022-04-14,64465.0,42228447.333333336,510497.0
777,2022-04-15,64191.333333333336,42292638.666666664,510631.6666666667
778,2022-04-16,71120.0,42363758.666666664,510848.6666666667
779,2022-04-17,65205.666666666664,42428964.333333336,510949.3333333333
780,2022-04-18,80949.66666666667,42509914.0,511200.3333333333
781,2022-04-19,41238.666666666664,42551152.666666664,511251.0
782,2022-04-20,43937.0,42595089.666666664,511307.3333333333
783,2022-04-21,64335.666666666664,42659425.333333336,511473.3333333333
784,2022-04-22,67423.33333333333,42726848.666666664,511662.0
785,2022-04-23,79685.33333333333,42806534.0,511920.0
786,2022-04-24,68458.0,42874992.0,512070.0
787,2022-04-25,77597.0,42952589.0,512309.0
788,2022-04-26,44429.0,42997018.0,512846.6666666667
789,2022-04-27,39811.666666666664,43036829.666666664,512919.3333333333
790,2022-04-28,45185.0,43082014.666666664,513006.6666666667
791,2022-04-29,73186.66666666667,43155201.333333336,513185.6666666667
792,2022-04-30,75149.33333333333,43230350.666666664,513424.0
793,2022-05-01,67769.33333333333,43298120.0,513596.3333333333
794,2022-05-02,73461.66666666667,43371581.666666664,513807.0
795,2022-05-03,42275.0,43413856.666666664,513890.6666666667
796,2022-05-04,38290.0,43452146.666666664,513994.0
797,2022-05-05,55067.666666666664,43507214.333333336,514154.0
798,2022-05-06,69702.0,43576916.333333336,514372.0
799,2022-05-07,77178.66666666667,43654095.0,514635.6666666667
800,2022-05-08,63281.666666666664,43717376.666666664,514790.0
801,2022-05-09,74771.33333333333,43792148.0,515000.6666666667
802,2022-05-10,36219.333333333336,43828367.333333336,515123.0
803,2022-05-11,40546.0,43868913.333333336,515241.6666666667
804,2022-05-12,48428.333333333336,43917341.666666664,515399.3333333333
805,2022-05-13,62103.333333333336,43979445.0,515578.3333333333
806,2022-05-14,70894.66666666667,44050339.666666664,515813.0
807,2022-05-15,56510.333333333336,44106850.0,515965.6666666667
808,2022-05-16,63891.333333333336,44170741.333333336,516161.3333333333
809,2022-05-17,31054.666666666668,44201796.0,516251.0
810,2022-05-18,30521.333333333332,44232317.333333336,516361.0
811,2022-05-19,35258.666666666664,44267576.0,516469.0
812,2022-05-20,74977.66666666667,44342553.666666664,516695.0
813,2022-05-21,64486.666666666664,44407040.333333336,516950.0
814,2022-05-22,52348.666666666664,44459389.0,517193.0
815,2022-05-23,71513.0,44530902.0,517437.3333333333
816,2022-05-24,30733.333333333332,44561635.333333336,517534.0
817,2022-05-25,29140.666666666668,44590776.0,517615.3333333333
818,2022-05-26,46527.666666666664,44637303.666666664,517751.3333333333
819,2022-05-27,62280.0,44699583.666666664,517994.6666666667
820,2022-05-28,65552.0,44765135.666666664,518225.3333333333
821,2022-05-29,52939.666666666664,44818075.333333336,518417.0
822,2022-05-30,71699.0,44889774.333333336,518647.6666666667
823,2022-05-31,29113.666666666668,44918888.0,518740.6666666667
824,2022-06-01,28235.333333333332,44947123.333333336,518804.6666666667
825,2022-06-02,27595.333333333332,44974718.666666664,518876.0
826,2022-06-03,65802.0,45040520.666666664,519058.6666666667
827,2022-06-04,62275.666666666664,45102796.333333336,519302.0
828,2022-06-05,53575.666666666664,45156372.0,519502.6666666667
829,2022-06-06,68275.0,45224647.0,519724.0
830,2022-06-07,30339.666666666668,45254986.666666664,519806.3333333333
831,2022-06-08,30627.666666666668,45285614.333333336,519877.0
832,2022-06-09,50083.666666666664,45335698.0,519997.0
833,2022-06-10,70739.66666666667,45406437.666666664,520256.3333333333
834,2022-06-11,65666.33333333333,45472104.0,520517.3333333333
835,2022-06-12,59715.666666666664,45531819.666666664,520687.6666666667
836,2022-06-13,73394.66666666667,45605214.333333336,520879.6666666667
837,2022-06-14,30402.0,45635616.333333336,520972.6666666667
838,2022-06-15,30649.0,45666265.333333336,521059.6666666667
839,2022-06-16,46622.333333333336,45712887.666666664,521206.0
840,2022-06-17,70619.66666666667,45783507.333333336,521462.6666666667
841,2022-06-18,66939.66666666667,45850447.0,521709.0
842,2022-06-19,63465.333333333336,45913912.333333336,521898.0
843,2022-06-20,82192.0,45996104.333333336,522141.6666666667
844,2022-06-21,29697.0,46025801.333333336,522231.0
845,2022-06-22,30372.0,46056173.333333336,522313.0
846,2022-06-23,47778.0,46103951.333333336,522451.0
847,2022-06-24,68304.0,46172255.333333336,522684.3333333333
848,2022-06-25,67936.33333333333,46240191.666666664,522937.3333333333
849,2022-06-26,61442.666666666664,46301634.333333336,523131.6666666667
850,2022-06-27,100846.33333333333,46402480.666666664,523371.3333333333
851,2022-06-28,24997.0,46427477.666666664,523446.6666666667
852,2022-06-29,25257.333333333332,46452735.0,523517.3333333333
853,2022-06-30,53584.0,46506319.0,523675.3333333333
854,2022-07-01,65595.33333333333,46571914.333333336,523937.0
855,2022-07-02,64068.666666666664,46635983.0,524199.0
856,2022-07-03,57811.666666666664,46693794.666666664,524408.0
857,2022-07-04,63939.666666666664,46757734.333333336,524639.3333333334
858,2022-07-05,23376.333333333332,46781110.666666664,524719.0
859,2022-07-06,23639.666666666668,46804750.333333336,524768.6666666666
860,2022-07-07,47200.0,46851950.333333336,524926.6666666666
861,2022-07-08,57831.333333333336,46909781.666666664,525217.0
862,2022-07-09,60981.666666666664,46970763.333333336,525496.3333333334
863,2022-07-10,56593.333333333336,47027356.666666664,525715.6666666666
864,2022-07-11,59318.333333333336,47086675.0,525959.6666666666
865,2022-07-12,22771.666666666668,47109446.666666664,526022.0
866,2022-07-13,20635.0,47130081.666666664,526090.3333333334
867,2022-07-14,47687.0,47177768.666666664,526225.6666666666
868,2022-07-15,54922.333333333336,47232691.0,526493.3333333334
869,2022-07-16,55264.333333333336,47287955.333333336,526774.0
870,2022-07-17,54234.333333333336,47342189.666666664,526981.3333333334
871,2022-07-18,58769.666666666664,47400959.333333336,527216.0
872,2022-07-19,23302.666666666668,47424262.0,527284.6666666666
873,2022-07-20,24470.333333333332,47448732.333333336,527354.6666666666
874,2022-07-21,42839.0,47491571.333333336,527482.0
875,2022-07-22,52519.666666666664,47544091.0,527736.3333333334
876,2022-07-23,60389.0,47604480.0,528022.6666666666
877,2022-07-24,54133.0,47658613.0,528224.6666666666
878,2022-07-25,54370.666666666664,47712983.666666664,528475.0
879,2022-07-26,24456.666666666668,47737440.333333336,528558.3333333334
880,2022-07-27,24514.0,47761954.333333336,528635.0
881,2022-07-28,43004.666666666664,47804959.0,528753.6666666666
882,2022-07-29,53379.333333333336,47858338.333333336,528988.6666666666
883,2022-07-30,58681.333333333336,47917019.666666664,529308.0
884,2022-07-31,53820.666666666664,47970840.333333336,529499.6666666666
885,2022-08-01,53130.333333333336,48023970.666666664,529705.6666666666
886,2022-08-02,25303.333333333332,48049274.0,529769.6666666666
887,2022-08-03,25915.333333333332,48075189.333333336,529839.0
888,2022-08-04,26707.333333333332,48101896.666666664,529909.0
889,2022-08-05,55577.666666666664,48157474.333333336,530121.6666666666
890,2022-08-06,50241.0,48207715.333333336,530377.3333333334
891,2022-08-07,49525.333333333336,48257240.666666664,530562.3333333334
892,2022-08-08,45508.333333333336,48302749.0,530788.0
893,2022-08-09,24045.666666666668,48326794.666666664,530869.0
894,2022-08-10,24904.666666666668,48351699.333333336,530928.3333333334
895,2022-08-11,36296.666666666664,48387996.0,531047.3333333334
896,2022-08-12,34111.333333333336,48422107.333333336,531264.0
897,2022-08-13,51548.333333333336,48473655.666666664,531562.0
898,2022-08-14,54581.333333333336,48528237.0,531819.3333333334
899,2022-08-15,41531.0,48569768.0,531974.0
900,2022-08-16,23480.666666666668,48593248.666666664,532037.0
901,2022-08-17,23639.333333333332,48616888.0,532102.6666666666
902,2022-08-18,32988.333333333336,48649876.333333336,532214.3333333334
903,2022-08-19,31838.0,48681714.333333336,532411.6666666666
904,2022-08-20,47854.333333333336,48729568.666666664,532667.0
905,2022-08-21,53154.0,48782722.666666664,532948.6666666666
906,2022-08-22,35730.333333333336,48818453.0,533101.0
907,2022-08-23,22025.666666666668,48840478.666666664,533219.6666666666
908,2022-08-24,21924.666666666668,48862403.333333336,533279.3333333334
909,2022-08-25,29597.0,48892000.333333336,533383.3333333334
910,2022-08-26,26922.333333333332,48918922.666666664,533582.6666666666
911,2022-08-27,44926.333333333336,48963849.0,533993.0
912,2022-08-28,48865.666666666664,49012714.666666664,534261.3333333334
913,2022-08-29,33531.0,49046245.666666664,534412.0
914,2022-08-30,20833.0,49067078.666666664,534482.6666666666
915,2022-08-31,21796.666666666668,49088875.333333336,534534.6666666666
916,2022-09-01,28302.666666666668,49117178.0,534630.6666666666
917,2022-09-02,26227.666666666668,49143405.666666664,534799.3333333334
918,2022-09-03,40776.0,49184181.666666664,535076.3333333334
919,2022-09-04,47301.0,49231482.666666664,535324.0
920,2022-09-05,31924.333333333332,49263407.0,535461.6666666666
921,2022-09-06,22791.333333333332,49286198.333333336,535511.3333333334
922,2022-09-07,21596.0,49307794.333333336,535576.0
923,2022-09-08,25754.666666666668,49333549.0,535665.0
924,2022-09-09,26118.666666666668,49359667.666666664,535830.3333333334
925,2022-09-10,35391.666666666664,49395059.333333336,536068.6666666666
926,2022-09-11,44171.333333333336,49439230.666666664,536302.3333333334
927,2022-09-12,31427.333333333332,49470658.0,536406.6666666666
928,2022-09-13,20187.0,49490845.0,536451.0
929,2022-09-14,20500.666666666668,49511345.666666664,536492.0
930,2022-09-15,27950.0,49539295.666666664,536604.6666666666
931,2022-09-16,25358.333333333332,49564654.0,536787.0
932,2022-09-17,17445.666666666668,49582099.666666664,536810.0
933,2022-09-18,81922.66666666667,49664022.333333336,537580.0
934,2022-09-19,15368.666666666666,49679391.0,537619.6666666666
935,2022-09-20,14337.333333333334,49693728.333333336,537653.6666666666
936,2022-09-21,14091.666666666666,49707820.0,537684.3333333334
937,2022-09-22,14230.333333333334,49722050.333333336,537716.0
938,2022-09-23,11221.333333333334,49733271.666666664,537745.6666666666
939,2022-09-24,100380.0,49833651.666666664,538802.6666666666
940,2022-09-25,15717.0,49849368.666666664,538830.0
941,2022-09-26,13974.666666666666,49863343.333333336,538867.3333333334
942,2022-09-27,13340.0,49876683.333333336,538899.3333333334
943,2022-09-28,12683.0,49889366.333333336,538934.6666666666
944,2022-09-29,12676.0,49902042.333333336,538973.0
945,2022-09-30,9555.666666666666,49911598.0,539002.6666666666
946,2022-10-01,102428.0,50014026.0,539851.6666666666
947,2022-10-02,11844.333333333334,50025870.333333336,539878.0
948,2022-10-03,12794.0,50038664.333333336,539917.6666666666
949,2022-10-04,10373.666666666666,50049038.0,539951.0
950,2022-10-05,10079.0,50059117.0,539985.0
951,2022-10-06,9604.666666666666,50068721.666666664,540009.0
952,2022-10-07,7006.333333333333,50075728.0,540025.0
953,2022-10-08,104433.33333333333,50180161.333333336,540802.6666666666
954,2022-10-09,10184.0,50190345.333333336,540836.0
955,2022-10-10,9193.666666666666,50199539.0,540866.0
956,2022-10-11,8434.333333333334,50207973.333333336,540892.6666666666
957,2022-10-12,8224.0,50216197.333333336,540919.0
958,2022-10-13,8326.0,50224523.333333336,540946.3333333334
959,2022-10-14,7560.0,50232083.333333336,540966.3333333334
960,2022-10-15,99758.33333333333,50331841.666666664,541724.6666666666
961,2022-10-16,9857.666666666666,50341699.333333336,541757.3333333334
962,2022-10-17,8914.333333333334,50350613.666666664,541790.3333333334
963,2022-10-18,7912.0,50358525.666666664,541814.6666666666
964,2022-10-19,7551.666666666667,50366077.333333336,541841.0
965,2022-10-20,7574.333333333333,50373651.666666664,541867.0
966,2022-10-21,6068.0,50379719.666666664,541888.3333333334
967,2022-10-22,108414.0,50488133.666666664,542779.6666666666
968,2022-10-23,8751.0,50496884.666666664,542785.0
969,2022-10-24,7622.666666666667,50504507.333333336,542826.6666666666
970,2022-10-25,6890.0,50511397.333333336,542851.6666666666
971,2022-10-26,6602.666666666667,50518000.0,542865.0
972,2022-10-27,6744.666666666667,50524744.666666664,542882.0
973,2022-10-28,6171.333333333333,50530916.0,542894.6666666666
974,2022-10-29,109278.33333333333,50640194.333333336,543489.6666666666
975,2022-10-30,8677.666666666666,50648872.0,543530.6666666666
976,2022-10-31,7911.0,50656783.0,543556.0
977,2022-11-01,7198.0,50663981.0,543587.0
978,2022-11-02,6952.333333333333,50670933.333333336,544062.6666666666
979,2022-11-03,7073.666666666667,50678007.0,544080.6666666666
980,2022-11-04,6348.333333333333,50684355.333333336,544100.6666666666
981,2022-11-05,162246.0,50846601.333333336,545127.3333333334
982,2022-11-06,8597.0,50855198.333333336,545148.0
983,2022-11-07,7840.0,50863038.333333336,545172.3333333334
984,2022-11-08,154698.66666666666,51017737.0,545228.0
985,2022-11-09,182278.0,51200015.0,545285.0
986,2022-11-10,249636.66666666666,51449651.666666664,545349.6666666666
987,2022-11-11,298981.3333333333,51748633.0,545416.3333333334
988,2022-11-12,492344.6666666667,52240977.666666664,546366.0
989,2022-11-13,406889.6666666667,52647867.333333336,546437.0
990,2022-11-14,596772.3333333334,53244639.666666664,546508.3333333334
991,2022-11-15,766823.0,54011213.0,546584.3333333334
992,2022-11-16,1038231.3333333334,55049444.333333336,546671.3333333334
993,2022-11-17,1356494.6666666667,56405939.0,546773.3333333334
994,2022-11-18,1701204.3333333333,58107143.333333336,546880.6666666666
995,2022-11-19,2137959.0,60245102.333333336,548017.3333333334
996,2022-11-20,2145046.6666666665,62390149.0,548170.0
997,2022-11-21,2322150.6666666665,64712299.666666664,548383.3333333334
998,2022-11-22,2109365.0,66821664.666666664,548663.6666666666
999,2022-11-23,1890074.6666666667,68711739.33333333,548963.3333333334
1000,2022-11-24,1589560.0,70301299.33333333,549401.0
1001,2022-11-25,1487609.3333333333,71788908.66666667,549858.3333333334
1002,2022-11-26,1583121.3333333333,73372030.0,551151.0
1003,2022-11-27,1177905.0,74549935.0,551624.3333333334
1004,2022-11-28,976504.6666666666,75526439.66666667,552240.0
1005,2022-11-29,809829.0,76336268.66666667,552986.3333333334
1006,2022-11-30,721921.0,77058189.66666667,553938.0
1007,2022-12-01,535637.3333333334,77593827.0,555207.3333333334
1008,2022-12-02,427580.6666666667,78021407.66666667,556656.0
1009,2022-12-03,612125.0,78633532.66666667,558974.6666666666
1010,2022-12-04,416935.0,79050467.66666667,560452.3333333334
1011,2022-12-05,330705.0,79381172.66666667,561909.6666666666
1012,2022-12-06,287805.0,79668977.66666667,563099.3333333334
1013,2022-12-07,234238.0,79903215.66666667,564177.3333333334
1014,2022-12-08,175963.33333333334,80079179.0,565386.3333333334
1015,2022-12-09,135983.33333333334,80215162.33333333,566658.3333333334
1016,2022-12-10,284937.0,80500099.33333333,569288.3333333334
1017,2022-12-11,103323.66666666667,80603423.0,570395.0
1018,2022-12-12,92387.66666666667,80695810.66666667,571260.3333333334
1019,2022-12-13,77538.33333333333,80773349.0,572054.0
1020,2022-12-14,66853.66666666667,80840202.66666667,572724.3333333334
1021,2022-12-15,47237.0,80887439.66666667,573536.0
1022,2022-12-16,38578.0,80926017.66666667,574142.3333333334
1023,2022-12-17,147598.66666666666,81073616.33333333,575941.0
1024,2022-12-18,35946.333333333336,81109562.66666667,576450.3333333334
1025,2022-12-19,31127.666666666668,81140690.33333333,576932.0
1026,2022-12-20,28430.333333333332,81169120.66666667,577377.0
1027,2022-12-21,25845.666666666668,81194966.33333333,577762.0
1028,2022-12-22,14950.666666666666,81209917.0,578083.0
1029,2022-12-23,8823.333333333334,81218740.33333333,578409.3333333334
1030,2022-12-24,103461.33333333333,81322201.66666667,579677.3333333334
1031,2022-12-25,6618.333333333333,81328820.0,579694.3333333334
1032,2022-12-26,5696.0,81334516.0,580462.6666666666
1033,2022-12-27,8320.0,81342836.0,580475.3333333334
1034,2022-12-28,9372.333333333334,81352208.33333333,580493.0
1035,2022-12-29,9357.666666666666,81361566.0,580507.6666666666
1036,2022-12-30,7631.0,81369197.0,580519.6666666666
1037,2022-12-31,106083.0,81475280.0,581687.0
1038,2023-01-01,10828.666666666666,81486108.66666667,581705.6666666666
1039,2023-01-02,9235.666666666666,81495344.33333333,582827.6666666666
1040,2023-01-03,8691.333333333334,81504035.66666667,582864.0
1041,2023-01-04,8124.333333333333,81512160.0,582893.0
1042,2023-01-05,7859.333333333333,81520019.33333333,582920.6666666666
1043,2023-01-06,5715.333333333333,81525734.66666667,582944.6666666666
1044,2023-01-07,100705.0,81626439.66666667,584110.3333333334
1045,2023-01-08,8239.666666666666,81634679.33333333,584129.6666666666
1046,2023-01-09,7120.666666666667,81641800.0,584451.0
1047,2023-01-10,6583.333333333333,81648383.33333333,584474.6666666666
1048,2023-01-11,7481.0,81655864.33333333,584505.0
1049,2023-01-12,3213.3333333333335,81659077.66666667,584525.0
1050,2023-01-13,5843.666666666667,81664921.33333333,584545.0
1051,2023-01-14,91749.66666666667,81756671.0,585510.6666666666
1052,2023-01-15,6725.666666666667,81763396.66666667,585533.6666666666
1053,2023-01-16,5685.666666666667,81769082.33333333,585587.3333333334
1054,2023-01-17,26.333333333333332,81769108.66666667,585587.3333333334
1055,2023-01-18,10305.333333333334,81779414.0,585590.3333333334
1056,2023-01-19,5384.0,81784798.0,585658.0
1057,2023-01-20,4108.666666666667,81788906.66666667,585673.6666666666
1058,2023-01-21,5838.0,81794744.66666667,585689.6666666666
1059,2023-01-22,94639.0,81889383.66666667,586499.3333333334
1060,2023-01-23,4873.666666666667,81894257.33333333,586514.6666666666
1061,2023-01-24,29.666666666666668,81894287.0,586515.3333333334
1062,2023-01-25,351.3333333333333,81894638.33333333,586515.3333333334
1063,2023-01-26,13426.0,81908064.33333333,586568.0
1064,2023-01-27,2645.3333333333335,81910709.66666667,586583.0
1065,2023-01-28,3436.3333333333335,81914146.0,586598.3333333334
1066,2023-01-29,80084.33333333333,81994230.33333333,587341.0
1067,2023-01-30,4752.666666666667,81998983.0,587352.6666666666
1068,2023-01-31,21.666666666666668,81999004.66666667,587352.6666666666
1069,2023-02-01,8467.0,82007471.66666667,587400.6666666666
1070,2023-02-02,3492.6666666666665,82010964.33333333,587421.3333333334
1071,2023-02-03,2408.6666666666665,82013373.0,587436.6666666666
1072,2023-02-04,3735.6666666666665,82017108.66666667,587448.0
1073,2023-02-05,60599.333333333336,82077708.0,588091.6666666666
1074,2023-02-06,3241.6666666666665,82080949.66666667,588108.3333333334
1075,2023-02-07,29.666666666666668,82080979.33333333,588108.3333333334
1076,2023-02-08,5963.0,82086942.33333333,588142.6666666666
1077,2023-02-09,3077.3333333333335,82090019.66666667,588162.3333333334
1078,2023-02-10,2237.0,82092256.66666667,588175.6666666666
1079,2023-02-11,3423.0,47956354.333333336,217108.66666666666
1080,2023-02-12,42.333333333333336,47956396.666666664,217108.66666666666
1081,2023-02-13,325.3333333333333,14919927.333333334,177663.0
1082,2023-02-14,301.3333333333333,14920228.666666666,177732.33333333334
1083,2023-02-15,250.33333333333334,14920479.0,177734.0
1084,2023-02-16,115.33333333333333,14920594.333333334,177784.33333333334
1085,2023-02-17,224.66666666666666,14920819.0,177807.66666666666
1086,2023-02-18,176.0,14920995.0,177825.0
1087,2023-02-19,194.0,14921189.0,177835.66666666666
1088,2023-02-20,149.66666666666666,14921338.666666666,177850.66666666666
1089,2023-02-21,175.0,14921513.666666666,177866.33333333334
1090,2023-02-22,235.33333333333334,14921749.0,177878.33333333334
1091,2023-02-23,133.33333333333334,14921882.333333334,177892.66666666666
1092,2023-02-24,99.33333333333333,14921981.666666666,177904.0
1093,2023-02-25,100.0,14922081.666666666,177916.0
1094,2023-02-26,120.33333333333333,14922202.0,177928.33333333334
1095,2023-02-27,110.66666666666667,14922312.666666666,177938.33333333334
1096,2023-02-28,92.33333333333333,14922405.0,177948.0
1097,2023-03-01,96.33333333333333,14922501.333333334,177957.66666666666
1098,2023-03-02,104.66666666666667,14922606.0,177965.33333333334
1099,2023-03-03,102.66666666666667,14922708.666666666,177970.66666666666
1100,2023-03-04,124.33333333333333,14922833.0,177979.0
1101,2023-03-05,116.33333333333333,14922949.333333334,177982.66666666666
1102,2023-03-06,98.66666666666667,14923048.0,177985.33333333334
1103,2023-03-07,100.0,14923148.0,177989.66666666666
1104,2023-03-08,120.33333333333333,14923268.333333334,177993.0
1105,2023-03-09,137.66666666666666,14923406.0,177998.33333333334
1106,2023-03-10,161.33333333333334,14923567.333333334,178003.66666666666
1107,2023-03-11,166.33333333333334,14923733.666666666,178008.0
1108,2023-03-12,209.33333333333334,14923943.0,178011.0
1109,2023-03-13,180.66666666666666,14924123.666666666,178015.0
1110,2023-03-14,189.66666666666666,14924313.333333334,178018.66666666666
1111,2023-03-15,256.6666666666667,14924570.0,178023.0
1112,2023-03-16,60.333333333333336,14924630.333333334,178027.0
1113,2020-01-12,92.0,27403.666666666668,1100.6666666666667
1114,2020-01-13,82.33333333333333,27486.0,1103.6666666666667
1115,2020-01-14,108.33333333333333,27594.333333333332,1107.0
1116,2020-01-15,169.0,27763.333333333332,1110.0
1117,2020-01-16,210.66666666666666,27974.0,1113.3333333333333
1118,2020-01-17,217.66666666666666,28191.666666666668,1119.0
1119,2020-01-18,277.6666666666667,28469.333333333332,1122.6666666666667
1120,2020-01-19,355.3333333333333,28824.666666666668,1127.6666666666667
1121,2020-01-20,435.0,29259.666666666668,1134.3333333333333
1122,2020-01-21,742.6666666666666,30002.333333333332,1142.3333333333333
1123,2020-01-22,815.6666666666666,30818.0,1150.6666666666667
1124,2020-01-23,1100.6666666666667,31918.666666666668,1161.3333333333333
1125,2020-01-24,1639.0,33557.666666666664,1183.6666666666667
1126,2020-01-25,2062.6666666666665,35620.333333333336,1207.3333333333333
1127,2020-01-26,2542.0,38162.333333333336,1238.0
1128,2020-01-27,3065.0,41227.333333333336,1276.0
1129,2020-01-28,3619.0,44846.333333333336,1316.0
1130,2020-01-29,3603.3333333333335,48449.666666666664,1371.0
1131,2020-01-30,3799.0,52248.666666666664,1442.0
1132,2020-01-31,4744.0,56992.666666666664,1542.3333333333333
1133,2020-02-01,6196.333333333333,63189.0,1656.6666666666667
1134,2020-02-02,6814.333333333333,70002.33333333333,1819.0
1135,2020-02-03,6907.666666666667,76910.0,2004.6666666666667
1136,2020-02-04,8739.0,85649.0,2226.3333333333335
1137,2020-02-05,5187.666666666667,90836.66666666667,2436.6666666666665
1138,2020-02-06,7872.0,98708.66666666667,3194.0
1139,2020-02-07,9565.0,108273.66666666667,3567.6666666666665
1140,2020-02-08,9942.0,118215.66666666667,4004.6666666666665
1141,2020-02-09,10690.0,128905.66666666667,4463.333333333333
1142,2020-02-10,10723.666666666666,139629.33333333334,4976.666666666667
1143,2020-02-11,8999.666666666666,148629.0,5601.0
1144,2020-02-12,9546.0,158175.0,6164.666666666667
1145,2020-02-13,9789.333333333334,167964.33333333334,6862.333333333333
1146,2020-02-14,11387.333333333334,179351.66666666666,7602.666666666667
1147,2020-02-15,11582.0,190933.66666666666,8346.333333333334
1148,2020-02-16,11061.666666666666,201995.33333333334,9093.333333333334
1149,2020-02-17,10519.0,212514.33333333334,9824.0
1150,2020-02-18,9032.666666666666,221547.0,10443.0
1151,2020-02-19,8418.666666666666,229965.66666666666,11078.0
1152,2020-02-20,8420.666666666666,238386.33333333334,11888.666666666666
1153,2020-02-21,8404.333333333334,246790.66666666666,12799.0
1154,2020-02-22,10500.333333333334,257291.0,13614.0
1155,2020-02-23,10106.666666666666,267397.6666666667,14392.666666666666
1156,2020-02-24,9427.666666666666,276825.3333333333,15008.666666666666
1157,2020-02-25,8691.0,285516.3333333333,15673.0
1158,2020-02-26,8811.333333333334,294327.6666666667,16365.333333333334
1159,2020-02-27,8642.666666666666,302970.3333333333,17256.333333333332
1160,2020-02-28,10161.333333333334,313131.6666666667,17996.666666666668
1161,2020-02-29,11077.0,324208.6666666667,18658.0
1162,2020-03-01,11593.0,335801.6666666667,19359.333333333332
1163,2020-03-02,11203.333333333334,347004.3333333333,19990.0
1164,2020-03-03,8691.0,355695.3333333333,20501.666666666668
1165,2020-03-04,7927.333333333333,363622.6666666667,20998.0
1166,2020-03-05,7981.666666666667,371604.3333333333,21701.666666666668
1167,2020-03-06,8927.333333333334,380531.6666666667,22507.666666666668
1168,2020-03-07,10411.333333333334,390943.0,23253.666666666668
